months_as_customer,age,policy_deductable,policy_annual_premium,umbrella_limit,insured_zip,insured_occupation,insured_hobbies,capital-gains,capital-loss,incident_hour_of_the_day,number_of_vehicles_involved,bodily_injuries,witnesses,total_claim_amount,injury_claim,property_claim,vehicle_claim,auto_make,auto_year,fraud_reported,policy_state_IN,policy_state_OH,policy_csl_250/500,policy_csl_500/1000,insured_sex_MALE,insured_education_level_College,insured_education_level_High School,insured_education_level_JD,insured_education_level_MD,insured_education_level_Masters,insured_education_level_PhD,insured_relationship_not-in-family,insured_relationship_other-relative,insured_relationship_own-child,insured_relationship_unmarried,insured_relationship_wife,incident_type_Parked Car,incident_type_Single Vehicle Collision,incident_type_Vehicle Theft,collision_type_Front Collision,collision_type_Rear Collision,collision_type_Side Collision,incident_severity_Minor Damage,incident_severity_Total Loss,incident_severity_Trivial Damage,authorities_contacted_Fire,authorities_contacted_Other,authorities_contacted_Police,incident_state_NY,incident_state_OH,incident_state_PA,incident_state_SC,incident_state_VA,incident_state_WV,incident_city_Columbus,incident_city_Hillsdale,incident_city_Northbend,incident_city_Northbrook,incident_city_Riverwood,incident_city_Springfield,property_damage_NO,property_damage_YES,police_report_available_NO,police_report_available_YES
328,48,1000,1406.91,0,466132,2,17,53300,0,5,1,1,2,71610.0,6510,13020,52080,10,2004,1,False,True,True,False,True,False,False,False,True,False,False,False,False,False,False,False,False,True,False,False,False,True,False,False,False,False,False,True,False,False,False,True,False,False,True,False,False,False,False,False,False,True,False,True
228,42,2000,1197.22,0,468176,6,15,0,0,8,1,0,0,5070.0,780,780,3510,8,2007,1,True,False,True,False,True,False,False,False,True,False,False,False,True,False,False,False,False,False,True,False,False,False,True,False,False,False,False,True,False,False,False,False,True,False,False,False,False,False,True,False,False,False,False,False
134,29,2000,1413.14,0,430632,11,2,35100,0,7,3,2,3,34650.0,7700,3850,23100,4,2007,0,False,True,False,False,False,False,False,False,False,False,True,False,False,True,False,False,False,False,False,False,True,False,True,False,False,False,False,True,True,False,False,False,False,False,True,False,False,False,False,False,True,False,True,False
256,41,2000,1415.74,0,608117,1,2,48900,-62400,5,1,1,2,63400.0,6340,6340,50720,3,2014,1,False,False,True,False,False,False,False,False,False,False,True,False,False,False,True,False,False,True,False,True,False,False,False,False,False,False,False,True,False,True,False,False,False,False,False,False,False,False,False,False,False,False,True,False
228,44,1000,1583.91,0,610706,11,2,66000,-46000,20,1,0,1,6500.0,1300,650,4550,0,2009,0,False,False,False,True,True,False,False,False,False,False,False,False,False,False,True,False,False,False,True,False,False,False,True,False,False,False,False,True,True,False,False,False,False,False,False,False,False,False,False,False,True,False,True,False
256,39,1000,1351.1,0,478456,12,3,0,0,19,3,0,2,64100.0,6410,6410,51280,10,2003,1,False,True,True,False,False,False,False,False,False,False,True,False,False,False,True,False,False,False,False,False,True,False,False,False,False,True,False,False,False,False,False,True,False,False,False,False,False,False,False,False,True,False,True,False
137,34,1000,1333.35,0,441716,9,2,0,-77000,0,3,0,0,78650.0,21450,7150,50050,9,2012,0,True,False,True,False,True,False,False,False,False,False,True,False,False,False,False,False,False,False,False,True,False,False,True,False,False,False,False,True,True,False,False,False,False,False,False,False,False,False,False,True,False,False,False,False
165,37,1000,1137.03,0,603195,12,0,0,0,23,3,2,2,51590.0,9380,9380,32830,1,2015,0,False,False,False,False,True,False,False,False,False,False,False,False,False,False,True,False,False,False,False,True,False,False,False,True,False,False,False,True,False,False,False,False,True,False,True,False,False,False,False,False,False,False,False,True
27,33,500,1442.99,0,601734,7,9,0,0,21,1,1,1,27700.0,2770,2770,22160,12,2012,0,False,False,False,False,False,False,False,False,False,False,True,False,False,True,False,False,False,True,False,True,False,False,False,True,False,False,False,True,False,False,False,False,False,True,False,False,False,False,False,False,True,False,False,True
212,42,500,1315.68,0,600983,8,4,0,-39300,14,1,2,1,42300.0,4700,4700,32900,10,1996,0,False,False,False,False,True,False,False,False,False,False,True,False,False,False,False,True,False,True,False,False,True,False,False,True,False,False,True,False,False,False,False,False,False,False,False,True,False,False,False,False,True,False,False,False
235,42,500,1253.12,0,462283,3,7,38400,0,22,1,2,2,87010.0,7910,15820,63280,5,2002,0,False,True,False,False,False,False,False,False,False,True,False,False,True,False,False,False,False,True,False,True,False,False,False,True,False,False,False,True,True,False,False,False,False,False,False,False,True,False,False,False,False,True,False,False
447,61,2000,1137.16,0,615561,3,16,0,-51000,21,3,1,2,113762.5,17680,17680,79560,1,2006,0,False,True,False,False,False,False,True,False,False,False,False,False,True,False,False,False,False,False,False,True,False,False,False,False,False,True,False,False,False,False,False,True,False,False,False,False,False,False,False,True,False,True,False,True
60,23,500,1215.36,0,432220,10,15,0,0,9,1,1,0,56520.0,4710,9420,42390,10,2000,0,False,True,False,True,True,False,False,False,True,False,False,False,False,False,False,True,False,True,False,False,True,False,False,True,False,False,False,False,False,False,False,True,False,False,False,False,True,False,False,False,False,True,True,False
121,34,1000,936.61,0,464652,1,3,52800,-32800,5,1,1,1,7280.0,1120,1120,5040,12,2010,0,False,True,False,False,False,False,False,False,True,False,False,False,False,False,False,True,True,False,False,False,False,False,True,False,False,False,False,False,False,False,False,True,False,False,False,False,False,False,False,True,True,False,True,False
180,38,2000,1301.13,0,476685,6,2,41300,-55500,12,1,0,2,46200.0,4200,8400,33600,4,2003,1,False,True,True,False,False,True,False,False,False,False,False,True,False,False,False,False,False,True,False,False,True,False,False,True,False,False,False,True,False,False,False,True,False,False,False,False,False,False,False,True,True,False,False,True
473,58,2000,1131.4,0,458733,13,12,55700,0,12,4,0,0,63120.0,10520,10520,42080,0,1999,1,True,False,False,False,False,False,False,False,True,False,False,False,True,False,False,False,False,False,False,False,False,True,False,False,False,False,True,False,False,False,False,False,False,True,False,True,False,False,False,False,False,True,True,False
70,26,1000,1199.44,0,619884,6,10,63600,0,0,3,1,2,52110.0,5790,5790,40530,9,2012,0,False,True,False,True,True,True,False,False,False,False,False,False,False,True,False,False,False,False,False,False,True,False,False,False,False,False,True,False,True,False,False,False,False,False,False,False,False,False,True,False,False,False,False,True
140,31,500,708.64,0,470610,6,15,53500,0,9,1,0,2,77880.0,14160,7080,56640,11,2015,0,True,False,False,True,True,False,True,False,False,False,False,False,False,False,True,False,False,True,False,False,False,True,False,True,False,False,False,True,False,False,False,False,False,True,False,False,True,False,False,False,True,False,False,True
160,37,500,1374.22,0,472135,2,19,45500,-37800,19,1,1,0,72930.0,6630,13260,53040,0,2015,0,False,True,False,True,False,False,False,False,True,False,False,False,True,False,False,False,False,True,False,False,False,True,False,True,False,False,True,False,True,False,False,False,False,False,False,False,False,True,False,False,False,True,True,False
196,39,2000,1475.73,0,477670,5,4,57000,-27300,8,3,2,0,60400.0,6040,6040,48320,9,2014,0,True,False,False,True,False,False,True,False,False,False,False,False,False,True,False,False,False,False,False,False,False,True,False,False,False,False,False,True,False,False,False,False,True,False,True,False,False,False,False,False,False,False,True,False
460,62,1000,1187.96,0,618845,7,3,0,0,20,3,1,0,47160.0,0,5240,41920,11,2011,0,True,False,True,False,True,False,False,True,False,False,False,False,False,True,False,False,False,False,False,False,True,False,True,False,False,False,False,True,True,False,False,False,False,False,True,False,False,False,False,False,True,False,False,False
217,41,2000,875.15,0,442479,6,16,46700,0,15,3,1,2,37840.0,0,4730,33110,0,1996,0,False,False,False,True,False,False,False,False,False,False,False,False,False,True,False,False,False,False,False,False,False,True,False,True,False,False,False,True,False,False,False,True,False,False,False,False,False,False,False,False,False,False,False,False
370,55,2000,972.18,0,443920,9,13,72700,-68200,20,3,0,0,71520.0,17880,5960,47680,11,2000,1,False,False,False,False,True,False,True,False,False,False,False,False,True,False,False,False,False,False,False,False,True,False,False,False,False,False,False,False,False,False,False,True,False,False,False,True,False,False,False,False,True,False,False,True
413,55,2000,1268.79,0,453148,8,5,0,-31000,15,1,2,2,98160.0,8180,16360,73620,4,2011,1,True,False,False,False,True,False,False,False,True,False,False,False,False,True,False,False,False,True,False,True,False,False,False,True,False,False,False,False,False,False,False,False,False,True,False,False,True,False,False,False,False,False,False,False
237,40,1000,883.31,0,434733,2,11,0,-53500,6,1,1,3,77880.0,7080,14160,56640,5,2005,0,True,False,False,False,True,True,False,False,False,False,False,False,False,False,False,False,False,True,False,False,True,False,True,False,False,False,True,False,False,False,False,False,True,False,False,False,False,False,True,False,True,False,True,False
8,35,2000,1266.92,0,613982,11,14,0,0,16,3,1,3,71500.0,16500,11000,44000,5,2006,1,False,True,False,False,True,False,False,False,False,True,False,False,False,True,False,False,False,False,False,False,True,False,False,False,False,False,True,False,False,True,False,False,False,False,False,False,False,False,False,False,True,False,False,True
257,43,2000,1322.1,0,436984,9,9,0,-29200,4,1,1,3,9020.0,1640,820,6560,12,2005,0,True,False,False,False,True,False,True,False,False,False,False,False,False,True,False,False,True,False,False,False,False,False,True,False,False,False,False,True,False,False,True,False,False,False,False,False,False,False,False,False,False,True,False,True
202,34,500,848.07,0,607730,3,5,31000,-30200,5,1,2,1,5720.0,1040,520,4160,11,2003,1,True,False,False,False,True,False,False,True,False,False,False,True,False,False,False,False,False,False,True,False,False,False,True,False,False,False,False,True,False,False,False,False,True,False,False,False,False,True,False,False,False,True,False,False
224,40,2000,1291.7,0,609837,11,11,0,-55600,21,1,1,0,69840.0,7760,15520,46560,4,2009,0,False,True,False,False,False,False,False,True,False,False,False,True,False,False,False,False,False,True,False,False,False,True,True,False,False,False,True,False,False,False,False,True,False,False,False,False,True,False,False,False,True,False,False,True
241,45,2000,1104.5,0,432211,6,1,0,0,5,1,2,2,91650.0,14100,14100,63450,0,2011,0,False,False,False,True,False,False,False,False,False,False,True,False,False,False,True,False,False,True,False,False,True,False,True,False,False,False,False,True,False,False,False,True,False,False,False,False,False,True,False,False,True,False,True,False
64,25,1000,954.16,0,473328,9,18,53200,0,22,4,0,0,75600.0,12600,12600,50400,12,2005,0,False,False,True,False,True,False,False,False,False,True,False,False,False,False,False,False,False,False,False,False,False,True,False,False,False,False,False,False,False,False,False,True,False,False,True,False,False,False,False,False,True,False,False,False
166,37,2000,1337.28,0,610393,2,15,27500,0,10,3,2,2,67140.0,7460,7460,52220,5,2006,1,False,False,False,False,True,False,False,True,False,False,False,False,False,False,False,False,False,False,False,False,False,True,False,False,False,False,False,True,False,False,False,False,False,True,False,False,False,False,True,False,True,False,False,False
155,35,1000,1088.34,0,614780,0,19,81100,0,16,3,2,3,29790.0,3310,3310,23170,2,2008,0,False,False,False,True,False,False,False,False,False,False,False,False,True,False,False,False,False,False,False,True,False,False,False,True,False,False,False,True,True,False,False,False,False,False,False,False,False,False,False,False,False,True,True,False
114,30,1000,1558.29,0,472248,4,18,51400,-64000,1,3,1,2,77110.0,14020,14020,49070,11,2015,0,False,False,False,False,True,False,True,False,False,False,False,False,False,False,False,True,False,False,False,True,False,False,False,False,False,False,False,False,True,False,False,False,False,False,False,True,False,False,False,False,True,False,False,False
149,37,500,1415.68,0,603381,9,19,0,0,17,1,0,1,64800.0,10800,5400,48600,1,1999,0,False,False,False,True,True,False,False,False,False,False,True,False,False,True,False,False,False,True,False,False,False,True,False,True,False,True,False,False,False,False,False,False,False,True,False,True,False,False,False,False,False,True,False,True
147,33,1000,1334.15,0,479224,2,15,53300,-49200,15,1,2,0,53100.0,10620,5310,37170,8,1995,1,False,True,False,False,True,False,True,False,False,False,False,True,False,False,False,False,False,True,False,True,False,False,False,False,False,False,True,False,False,False,False,False,False,True,False,False,False,False,False,True,False,True,False,True
62,28,1000,988.45,0,430141,10,4,0,0,3,1,1,1,60200.0,6020,6020,48160,11,2004,1,False,False,False,False,False,False,False,False,False,True,False,False,False,False,True,False,False,True,False,False,True,False,False,True,False,False,False,True,True,False,False,False,False,False,False,False,False,True,False,False,False,False,False,True
289,49,2000,1222.48,0,620757,8,9,0,0,16,1,1,1,5330.0,1230,820,3280,11,2001,0,False,False,False,True,False,False,False,True,False,False,False,False,False,False,True,False,True,False,False,False,False,False,True,False,False,False,False,True,False,False,False,False,False,True,False,False,False,False,False,False,True,False,False,True
431,54,2000,1155.55,0,615901,2,3,65700,0,4,3,2,0,62300.0,12460,6230,43610,7,2007,0,True,False,False,True,False,False,False,False,True,False,False,False,False,False,True,False,False,False,False,False,True,False,False,False,False,False,False,True,True,False,False,False,False,False,False,True,False,False,False,False,False,False,False,False
199,37,500,1262.08,0,474615,12,18,48500,0,4,1,0,3,60170.0,10940,10940,38290,9,2011,1,True,False,True,False,True,False,False,True,False,False,False,False,False,False,False,True,False,True,False,True,False,False,False,False,False,False,False,False,False,False,False,False,False,False,True,False,False,False,False,False,False,False,True,False
79,26,500,1451.62,0,456446,12,11,0,-55700,19,1,2,2,40000.0,8000,4000,28000,2,2010,0,False,False,False,False,True,False,False,False,False,False,False,True,False,False,False,False,False,True,False,False,True,False,True,False,False,False,False,False,False,False,False,False,False,True,True,False,False,False,False,False,True,False,False,False
116,34,500,1737.66,0,470577,13,5,0,-24100,1,1,1,1,97080.0,16180,16180,64720,2,2001,1,True,False,True,False,True,False,False,False,False,False,False,False,False,False,True,False,False,True,False,False,False,True,False,False,False,False,False,True,False,False,False,False,False,True,False,False,False,True,False,False,False,False,False,False
37,23,500,1475.93,0,441648,9,10,0,-67400,17,3,1,0,51660.0,5740,5740,40180,4,2010,0,False,False,False,True,False,True,False,False,False,False,False,False,False,False,False,False,False,False,False,False,False,True,True,False,False,False,True,False,False,False,False,True,False,False,False,False,False,False,False,True,False,True,True,False
106,30,500,600.4762499999999,0,433782,13,15,49700,-60200,23,1,2,2,51120.0,5680,5680,39760,8,2005,0,False,True,True,False,False,False,False,False,False,False,True,False,False,True,False,False,False,True,False,False,True,False,False,True,False,False,True,False,False,False,False,False,False,False,False,False,False,False,False,False,True,False,True,False
269,44,2000,1081.08,0,468104,8,15,36400,-28700,14,1,0,2,56400.0,11280,11280,33840,12,2014,0,False,False,False,False,True,False,False,True,False,False,False,False,False,False,True,False,False,True,False,True,False,False,True,False,False,False,True,False,False,False,False,True,False,False,False,False,False,False,False,True,False,True,False,False
265,40,1000,1454.43,0,459407,10,19,0,0,17,3,2,3,55120.0,6890,0,48230,0,2002,0,False,False,True,False,False,False,False,False,True,False,False,False,False,False,False,False,False,False,False,False,True,False,False,True,False,False,True,False,True,False,False,False,False,False,False,False,False,False,False,False,True,False,False,False
163,33,500,1240.47,0,472573,7,14,35300,0,11,3,1,1,77110.0,0,14020,63090,6,2014,0,True,False,False,False,False,False,False,False,False,False,False,False,False,False,False,False,False,False,False,False,True,False,False,True,False,True,False,False,False,False,False,False,False,False,False,False,True,False,False,False,False,True,False,False
355,47,2000,1273.7,0,433473,7,11,0,0,19,3,2,1,62800.0,6280,6280,50240,1,2003,1,False,True,False,True,True,True,False,False,False,False,False,False,False,False,False,False,False,False,False,True,False,False,False,False,False,True,False,False,False,False,False,False,False,True,False,False,False,False,False,False,True,False,True,False
175,34,1000,1123.87,0,446326,10,7,0,0,5,1,2,0,7290.0,810,810,5670,13,1995,0,True,False,False,True,False,False,False,False,False,False,True,False,True,False,False,False,False,False,True,False,False,False,False,False,True,False,False,True,True,False,False,False,False,False,False,False,False,False,False,False,False,False,False,True
192,35,1000,1245.89,0,435481,3,12,0,-40300,19,1,0,0,76600.0,15320,7660,53620,8,2000,0,False,False,False,False,False,False,False,False,False,True,False,False,False,False,False,True,False,True,False,False,True,False,False,True,False,False,True,False,False,False,False,False,False,True,False,False,False,False,False,True,True,False,False,False
430,59,2000,1326.62,0,477310,7,3,0,0,19,3,0,3,81800.0,16360,8180,57260,9,1998,0,False,True,True,False,True,False,False,False,True,False,False,False,False,True,False,False,False,False,False,True,False,False,True,False,False,True,False,False,True,False,False,False,False,False,False,False,False,False,True,False,False,False,False,True
91,27,2000,1073.83,0,609930,4,14,0,0,4,1,1,2,7260.0,1320,660,5280,2,2008,0,False,False,False,False,False,False,False,True,False,False,False,False,False,False,False,False,False,False,True,False,False,False,False,False,True,True,False,False,True,False,False,False,False,False,False,False,False,False,False,False,False,False,False,False
217,39,1000,1530.52,0,603993,1,1,0,0,8,1,2,1,4300.0,430,430,3440,12,2000,0,True,False,False,False,True,True,False,False,False,False,False,True,False,False,False,False,False,False,True,False,False,False,True,False,False,True,False,False,False,False,False,False,False,True,False,False,True,False,False,False,False,False,False,True
223,40,500,1201.41,0,437818,8,12,88400,-46500,7,3,1,0,70510.0,12820,12820,44870,11,1999,0,True,False,False,False,False,False,False,True,False,False,False,False,False,False,False,False,False,False,False,False,False,True,False,False,False,False,False,True,False,False,False,False,False,False,True,False,False,False,False,False,False,True,False,False
195,39,1000,1393.57,0,478423,6,12,47600,-39600,5,1,0,1,2640.0,480,480,1680,5,2009,0,False,True,True,False,True,False,False,False,False,False,True,True,False,False,False,False,True,False,False,False,False,False,True,False,False,False,False,True,False,False,False,False,True,False,False,False,True,False,False,False,True,False,False,True
22,26,1000,1276.57,0,467784,2,16,71500,0,3,1,1,2,78900.0,15780,7890,55230,3,1995,0,False,True,False,False,True,False,False,False,False,False,True,True,False,False,False,False,False,True,False,False,True,False,True,False,False,True,False,False,True,False,False,False,False,False,False,False,False,False,False,False,False,True,True,False
439,56,500,1082.49,0,606714,9,5,36100,-55000,12,3,2,3,56430.0,0,6270,50160,6,2014,0,True,False,True,False,False,False,False,False,False,False,True,False,False,False,True,False,False,False,False,True,False,False,False,False,False,True,False,False,False,False,False,True,False,False,True,False,False,False,False,False,False,False,False,False
94,32,1000,1414.74,0,464691,0,10,0,0,19,1,1,3,2400.0,300,300,1800,3,2014,0,True,False,False,True,False,False,False,False,False,True,False,False,False,True,False,False,True,False,False,False,False,False,True,False,False,True,False,False,False,False,False,False,True,False,False,False,False,False,True,False,True,False,True,False
11,39,2000,1470.06,0,431683,7,19,56600,-45800,22,1,0,1,65790.0,7310,7310,51170,10,2007,0,False,False,True,False,True,False,False,False,False,False,True,False,False,False,False,False,False,True,False,True,False,False,False,True,False,False,False,False,False,False,False,False,False,True,False,False,False,False,True,False,False,True,True,False
151,36,2000,870.63,0,431725,0,11,94800,-58500,12,3,1,1,62920.0,11440,5720,45760,5,2000,0,False,True,True,False,False,False,False,False,True,False,False,False,False,True,False,False,False,False,False,False,False,True,True,False,False,False,False,True,False,False,False,False,True,False,False,True,False,False,False,False,True,False,True,False
154,34,500,795.23,0,609216,6,0,36900,0,15,3,2,1,69480.0,15440,0,54040,9,2014,1,True,False,False,False,True,False,False,False,False,False,True,False,True,False,False,False,False,False,False,False,True,False,False,False,False,False,False,True,True,False,False,False,False,False,False,False,False,False,False,True,False,True,False,False
245,44,1000,1168.2,0,452787,5,1,69100,0,23,3,0,3,44280.0,7380,3690,33210,6,1997,0,False,False,False,True,True,False,False,True,False,False,False,False,False,False,False,False,False,False,False,False,False,True,False,True,False,False,True,False,False,True,False,False,False,False,False,False,False,False,False,True,True,False,True,False
119,32,1000,993.51,0,468767,1,3,0,-49500,12,1,0,3,56300.0,5630,11260,39410,2,2011,0,False,False,False,True,True,False,True,False,False,False,False,False,False,False,True,False,False,True,False,False,False,True,True,False,False,False,True,False,False,False,False,False,False,True,False,True,False,False,False,False,True,False,False,True
215,42,500,1848.81,0,435489,13,18,0,-49000,20,3,2,2,68520.0,11420,5710,51390,11,2003,1,False,True,False,True,True,False,False,True,False,False,False,False,False,True,False,False,False,False,False,True,False,False,False,False,False,True,False,False,False,False,False,False,False,True,False,False,True,False,False,False,False,True,False,True
295,42,2000,1641.73,0,450149,11,5,62400,0,16,3,0,0,59130.0,6570,6570,45990,5,2006,1,False,True,True,False,True,False,False,False,False,False,True,True,False,False,False,False,False,False,False,False,True,False,False,True,False,True,False,False,False,False,False,False,True,False,False,False,False,False,True,False,True,False,True,False
254,39,500,1362.87,0,458364,3,5,35700,0,6,3,2,2,82320.0,13720,6860,61740,4,1995,1,True,False,False,False,False,False,False,False,True,False,False,False,True,False,False,False,False,False,False,True,False,False,True,False,False,False,False,False,True,False,False,False,False,False,False,False,False,False,False,False,False,True,True,False
107,31,500,1239.22,0,476458,12,13,43400,-91200,12,1,0,1,89700.0,13800,13800,62100,1,2009,1,True,False,True,False,False,False,True,False,False,False,False,True,False,False,False,False,False,True,False,False,False,True,True,False,False,True,False,False,False,False,False,True,False,False,False,False,False,False,False,True,False,True,True,False
478,62,500,835.02,0,602433,0,15,59600,0,17,3,1,1,33930.0,0,3770,30160,2,1998,0,False,True,True,False,False,False,False,False,False,False,False,False,False,False,True,False,False,False,False,False,False,True,True,False,False,True,False,False,False,False,False,False,False,True,False,True,False,False,False,False,True,False,True,False
128,30,1000,1061.33,0,478575,6,12,43300,-66200,8,1,0,3,68530.0,12460,6230,49840,1,1997,0,False,True,False,False,True,False,False,False,True,False,False,False,False,True,False,False,False,True,False,True,False,False,False,False,False,False,False,False,False,False,False,False,False,True,False,False,False,True,False,False,True,False,True,False
338,49,1000,1279.08,0,449718,7,11,0,-51500,13,1,0,1,4300.0,860,860,2580,5,2004,0,True,False,False,True,True,False,False,False,True,False,False,False,False,True,False,False,True,False,False,False,False,False,True,False,False,False,False,False,False,False,False,False,False,False,False,False,False,False,True,False,True,False,False,False
271,42,500,1105.49,0,463181,9,17,56200,-50000,12,2,2,3,68310.0,12420,6210,49680,1,2003,1,False,True,False,False,False,False,False,False,False,False,False,False,False,True,False,False,False,False,False,False,False,True,False,False,False,False,True,False,False,False,False,True,False,False,False,True,False,False,False,False,False,False,False,False
222,41,2000,1055.53,0,441992,1,6,37800,-50300,7,1,0,2,61290.0,6810,6810,47670,6,1995,1,False,True,False,False,False,False,False,False,True,False,False,True,False,False,False,False,False,True,False,True,False,False,False,True,False,False,True,False,False,False,False,False,False,True,False,False,False,True,False,False,True,False,True,False
199,41,1000,895.83,0,452597,11,13,0,0,10,1,1,2,30100.0,3010,0,27090,3,1999,0,False,True,True,False,False,False,False,False,False,False,False,False,False,False,False,False,False,True,False,False,True,False,True,False,False,False,False,False,False,False,False,False,False,False,False,False,False,False,False,False,True,False,True,False
215,37,500,1632.93,0,614417,13,9,0,-42900,7,3,2,0,57120.0,9520,4760,42840,8,2002,0,True,False,False,False,False,True,False,False,False,False,False,True,False,False,False,False,False,False,False,False,True,False,True,False,False,True,False,False,False,False,False,True,False,False,False,False,False,False,True,False,True,False,False,True
192,40,1000,1405.99,0,472895,11,19,0,0,18,3,1,0,42930.0,9540,4770,28620,2,2005,0,False,False,False,False,False,False,False,False,False,False,False,False,False,False,False,True,False,False,False,False,False,True,True,False,False,False,False,False,False,False,False,False,True,False,False,False,False,False,False,True,False,True,False,True
120,35,1000,1425.54,0,475847,13,3,78300,0,22,3,2,0,51210.0,11380,5690,34140,5,2010,0,False,True,False,False,False,False,True,False,False,False,False,False,True,False,False,False,False,False,False,True,False,False,False,True,False,False,False,False,False,False,False,True,False,False,False,False,False,False,True,False,True,False,True,False
270,45,1000,1038.09,0,476978,5,9,0,-19700,18,3,1,1,89400.0,14900,7450,67050,11,1998,0,False,True,False,True,False,True,False,False,False,False,False,False,False,False,False,False,False,False,False,True,False,False,True,False,False,True,False,False,True,False,False,False,False,False,False,False,False,False,False,True,True,False,False,True
319,47,500,1307.11,0,600648,13,7,0,0,22,3,0,2,59730.0,10860,10860,38010,1,2005,0,True,False,True,False,True,True,False,False,False,False,False,True,False,False,False,False,False,False,False,True,False,False,False,True,False,False,False,True,False,False,False,False,False,True,False,False,False,True,False,False,True,False,False,False
194,39,1000,1489.24,0,608335,7,11,0,-45000,15,1,2,2,8060.0,1240,1240,5580,10,2004,0,False,True,False,True,False,False,False,True,False,False,False,False,False,False,False,True,False,False,True,False,False,False,True,False,False,False,False,True,False,False,False,True,False,False,False,False,False,False,False,True,False,True,False,True
227,38,500,976.67,0,471600,5,14,0,0,16,1,1,2,72200.0,14440,7220,50540,2,2013,1,False,True,False,True,False,False,False,False,False,False,True,False,False,False,True,False,False,True,False,False,True,False,False,False,False,True,False,False,False,False,False,True,False,False,False,False,False,True,False,False,False,False,False,False
137,31,2000,1340.43,0,441175,3,13,52700,-40600,6,3,1,2,50800.0,10160,10160,30480,0,2005,0,False,True,True,False,True,False,True,False,False,False,False,False,False,False,False,False,False,False,False,False,False,True,True,False,False,False,False,False,False,False,False,False,False,False,False,False,False,False,False,False,True,False,True,False
244,40,2000,1267.81,0,603123,3,18,0,0,10,1,2,1,6600.0,660,1320,4620,0,2005,0,False,True,False,True,False,False,False,False,False,True,False,False,False,False,False,True,False,False,True,False,False,False,False,False,True,False,False,False,False,False,False,False,False,False,False,False,False,True,False,False,False,False,False,False
78,29,1000,1234.2,0,457767,7,3,0,0,3,1,2,2,7500.0,750,1500,5250,9,2002,0,False,False,True,False,True,False,False,False,False,True,False,False,True,False,False,False,False,False,True,False,False,False,True,False,False,False,False,True,True,False,False,False,False,False,False,False,False,True,False,False,False,True,True,False
200,35,2000,1318.06,0,618498,3,18,57300,-80600,13,1,0,3,6490.0,1180,1180,4130,13,2002,0,True,False,True,False,True,False,True,False,False,False,False,False,False,False,False,True,False,False,True,False,False,False,False,False,True,False,False,True,False,False,False,False,True,False,False,True,False,False,False,False,True,False,False,True
284,48,2000,769.95,0,605486,9,12,0,-44200,16,2,2,3,60940.0,5540,11080,44320,1,2013,1,True,False,False,True,True,False,False,False,False,True,False,True,False,False,False,False,False,False,False,False,False,True,False,False,False,False,False,False,True,False,False,False,False,False,False,True,False,False,False,False,False,False,True,False
275,41,2000,1514.72,0,617970,13,2,35700,0,13,3,0,1,58300.0,5830,11660,40810,11,2007,0,False,True,False,False,True,False,True,False,False,False,False,False,False,True,False,False,False,False,False,True,False,False,False,False,False,True,False,False,True,False,False,False,False,False,False,False,False,True,False,False,False,True,False,False
153,34,1000,873.64,0,432934,8,19,800,0,9,3,2,1,68400.0,11400,11400,45600,5,2007,0,False,False,False,True,False,False,False,False,False,False,False,False,False,False,False,False,False,False,False,True,False,False,True,False,False,False,True,False,False,False,False,True,False,False,True,False,False,False,False,False,True,False,False,False
134,32,500,1612.43,0,456762,7,19,36400,0,2,1,2,1,64240.0,11680,11680,40880,2,2015,0,False,False,False,True,False,False,False,False,True,False,False,False,False,True,False,False,False,True,False,False,False,True,False,True,False,True,False,False,False,False,False,False,True,False,False,False,False,False,False,True,False,False,False,True
31,36,2000,1318.24,0,601748,9,11,0,-78600,9,1,0,1,4700.0,940,470,3290,4,2002,0,False,False,False,True,False,True,False,False,False,False,False,True,False,False,False,False,True,False,False,False,False,False,False,False,True,True,False,False,False,False,False,False,False,True,False,False,False,False,False,False,True,False,False,True
41,25,1000,1226.83,0,607763,3,8,0,-56100,12,3,2,0,45120.0,0,5640,39480,0,2011,1,True,False,False,False,False,True,False,False,False,False,False,True,False,False,False,False,False,False,False,False,False,True,False,False,False,False,True,False,False,False,False,True,False,False,True,False,False,False,False,False,False,True,False,False
127,29,2000,1326.44,0,436973,11,2,0,0,12,2,1,1,66950.0,10300,10300,46350,10,1995,0,False,True,True,False,False,False,True,False,False,False,False,False,False,True,False,False,False,False,False,True,False,False,False,True,False,True,False,False,False,False,False,True,False,False,False,False,False,False,False,False,False,True,False,False
61,23,2000,1136.83,0,471300,12,8,0,-62400,14,1,0,3,98340.0,8940,17880,71520,6,2004,1,False,False,True,False,False,False,False,False,False,False,False,False,False,True,False,False,False,True,False,False,False,True,False,False,False,False,False,True,True,False,False,False,False,False,True,False,False,False,False,False,True,False,False,False
207,42,2000,1322.78,0,453277,4,19,55200,0,9,1,0,1,5900.0,590,590,4720,2,2007,0,False,False,True,False,True,False,False,False,False,False,True,False,False,True,False,False,True,False,False,False,False,False,False,False,True,False,False,True,False,False,False,False,False,True,False,False,False,False,False,True,True,False,True,False
219,43,1000,1483.25,0,465100,3,8,90700,-20800,3,3,1,1,70680.0,5890,11780,53010,5,2009,0,True,False,False,False,False,False,False,False,True,False,False,True,False,False,False,False,False,False,False,True,False,False,False,False,False,False,False,False,False,False,False,False,False,False,False,False,False,False,True,False,True,False,False,False
271,42,500,1515.3,0,603248,6,10,0,0,21,3,1,0,93720.0,17040,8520,68160,8,2005,0,False,False,False,False,False,False,True,False,False,False,False,True,False,False,False,False,False,False,False,False,True,False,False,True,False,False,False,False,False,False,False,True,False,False,False,False,True,False,False,False,True,False,True,False
80,25,2000,1075.18,0,601112,1,8,67700,-58400,5,1,2,0,6930.0,1260,630,5040,12,2001,0,False,False,False,False,False,False,False,False,False,False,True,False,False,False,False,False,False,False,True,False,False,False,True,False,False,False,False,False,False,True,False,False,False,False,False,False,False,True,False,False,True,False,False,True
325,47,1000,1690.27,0,438830,10,10,61500,0,11,1,0,3,72930.0,6630,6630,59670,4,2006,1,True,False,False,True,False,False,False,False,False,False,False,True,False,False,False,False,False,True,False,False,False,True,False,False,False,True,False,False,False,False,False,False,True,False,False,False,False,False,False,True,False,True,True,False
29,25,2000,1352.83,0,464959,4,16,0,-71700,4,4,1,2,64890.0,7210,7210,50470,9,2013,1,False,False,True,False,True,False,False,False,False,True,False,False,False,True,False,False,False,False,False,False,True,False,True,False,False,False,True,False,False,False,False,True,False,False,False,True,False,False,False,False,False,True,False,True
295,48,1000,1148.73,0,439787,6,11,0,0,6,1,1,2,5400.0,900,900,3600,10,1999,0,False,True,True,False,False,True,False,False,False,False,False,False,False,False,False,True,True,False,False,False,False,False,False,False,True,False,True,False,False,False,False,False,False,True,True,False,False,False,False,False,False,False,False,True
239,42,1000,969.5,0,464839,3,15,0,0,10,1,0,0,5600.0,700,700,4200,1,2007,0,False,False,False,False,True,True,False,False,False,False,False,True,False,False,False,False,False,False,True,False,False,False,False,False,True,False,True,False,False,False,False,False,False,False,False,False,False,True,False,False,True,False,False,False
269,41,500,1463.82,0,448984,10,19,0,-72300,23,1,0,0,79300.0,15860,15860,47580,10,2007,0,True,False,False,False,False,True,False,False,False,False,False,True,False,False,False,False,False,True,False,False,True,False,True,False,False,False,False,True,False,False,False,True,False,False,False,False,True,False,False,False,False,True,False,False
80,27,1000,1474.17,0,440327,12,8,0,0,13,1,1,0,52800.0,10560,5280,36960,10,2004,0,False,False,False,False,False,True,False,False,False,False,False,False,False,False,True,False,False,True,False,False,False,True,False,False,False,False,False,True,False,False,False,False,False,True,False,False,True,False,False,False,False,True,False,True
279,41,500,1497.35,0,460742,9,3,37300,-31700,16,3,2,3,28800.0,0,3600,25200,5,2013,0,False,False,True,False,False,False,False,True,False,False,False,False,False,False,False,False,False,False,False,True,False,False,True,False,False,True,False,False,False,False,False,False,False,False,False,False,False,True,False,False,False,False,True,False
165,33,1000,1427.14,0,446895,12,11,35300,-58100,3,1,1,1,2970.0,330,330,2310,12,2008,0,False,True,False,False,False,False,False,False,False,False,False,False,True,False,False,False,True,False,False,False,False,False,True,False,False,False,False,True,False,False,False,False,False,True,False,False,True,False,False,False,True,False,True,False
350,54,500,1495.1,0,609374,7,1,50500,0,15,3,0,0,93480.0,15580,7790,70110,3,2014,0,False,True,False,True,True,True,False,False,False,False,False,False,False,False,False,True,False,False,False,False,False,True,False,True,False,False,False,True,False,False,False,True,False,False,False,False,True,False,False,False,True,False,False,False
295,49,500,1141.62,0,451672,9,11,34300,-24300,4,1,1,3,4320.0,480,480,3360,8,2002,0,False,False,False,False,True,True,False,False,False,False,False,False,False,False,False,False,False,False,True,False,False,False,True,False,False,False,False,True,False,False,False,False,False,True,True,False,False,False,False,False,False,True,False,True
464,61,1000,1125.37,0,604450,9,1,0,-56400,6,3,0,2,79800.0,6650,19950,53200,10,2000,1,False,True,False,True,False,False,False,False,False,False,False,False,False,False,False,False,False,False,False,False,True,False,False,False,False,False,False,True,False,False,False,False,True,False,False,False,True,False,False,False,False,False,False,True
118,28,2000,1207.36,0,432896,5,4,0,-57000,22,2,1,0,74200.0,7420,14840,51940,13,1997,0,True,False,False,True,False,False,True,False,False,False,False,False,False,True,False,False,False,False,False,True,False,False,False,False,False,False,False,False,False,False,False,False,False,True,True,False,False,False,False,False,True,False,False,False
298,47,2000,1338.5,0,618929,6,1,28800,0,1,1,0,0,70590.0,10860,10860,48870,10,2000,1,False,False,False,True,False,False,False,False,False,False,True,False,True,False,False,False,False,True,False,True,False,False,False,False,False,True,False,False,True,False,False,False,False,False,False,False,False,True,False,False,False,False,False,False
87,31,1000,1074.07,0,451312,11,5,0,-47500,16,3,0,3,60940.0,5540,11080,44320,9,2006,1,True,False,False,True,False,False,False,False,False,True,False,False,False,False,False,False,False,False,False,False,True,False,False,False,False,True,False,False,True,False,False,False,False,False,False,False,False,False,False,True,True,False,False,True
261,42,500,1337.56,0,605141,9,18,0,0,18,1,1,2,74700.0,7470,14940,52290,4,2010,0,False,True,True,False,False,True,False,False,False,False,False,False,False,False,True,False,False,True,False,False,True,False,True,False,False,False,False,True,False,False,False,True,False,False,False,False,False,False,True,False,False,False,False,True
453,60,500,1298.91,0,459504,2,7,52600,-38800,0,1,0,0,70000.0,14000,7000,49000,5,2015,1,True,False,False,False,True,False,False,False,False,False,True,False,False,False,True,False,False,True,False,True,False,False,False,False,False,True,False,False,False,False,False,False,False,False,False,False,False,False,False,True,False,True,False,False
210,41,500,1222.75,0,432781,3,14,0,-41000,12,3,2,0,81070.0,14740,14740,51590,2,2001,0,False,False,False,True,True,False,True,False,False,False,False,False,True,False,False,False,False,False,False,False,True,False,False,True,False,False,True,False,False,False,False,False,False,True,True,False,False,False,False,False,False,False,True,False
168,32,1000,1059.52,0,452748,10,4,0,-40600,13,2,1,1,57720.0,14430,9620,33670,10,2007,0,True,False,False,False,True,False,False,False,True,False,False,False,False,True,False,False,False,False,False,False,False,True,False,False,False,False,True,False,False,False,False,False,True,False,False,True,False,False,False,False,False,False,False,False
390,51,2000,1124.38,0,618316,1,15,0,0,9,1,1,1,7080.0,1180,1180,4720,5,2001,0,False,True,True,False,True,False,False,False,False,False,False,False,True,False,False,False,False,False,True,False,False,False,True,False,False,False,True,False,False,False,False,False,True,False,False,False,False,True,False,False,False,True,False,True
258,46,1000,1110.37,0,455365,6,10,34400,-56800,14,3,0,1,47700.0,4770,9540,33390,0,1997,1,True,False,False,False,True,False,False,False,True,False,False,False,True,False,False,False,False,False,False,False,False,True,False,True,False,False,True,False,True,False,False,False,False,False,False,False,False,False,True,False,True,False,False,False
107,31,2000,1374.22,0,470603,6,3,62000,-63100,16,1,0,3,51260.0,9320,9320,32620,11,2002,0,False,False,False,True,False,False,False,False,False,False,True,False,True,False,False,False,False,True,False,False,True,False,True,False,False,False,False,True,False,False,False,True,False,False,False,True,False,False,False,False,True,False,True,False
225,41,2000,1103.58,0,475292,3,8,41200,-36200,20,3,2,2,70400.0,6400,12800,51200,12,2011,1,False,True,False,True,True,False,True,False,False,False,False,False,False,False,True,False,False,False,False,False,False,True,False,False,False,False,False,True,True,False,False,False,False,False,False,False,True,False,False,False,False,False,True,False
164,38,2000,1269.76,0,467743,13,19,44300,0,4,1,1,3,90000.0,18000,9000,63000,5,2015,0,False,False,True,False,False,False,False,False,False,False,True,True,False,False,False,False,False,True,False,False,True,False,True,False,False,True,False,False,True,False,False,False,False,False,False,True,False,False,False,False,True,False,False,True
245,39,500,964.79,0,460675,0,4,58000,0,7,3,0,1,72820.0,13240,6620,52960,2,2010,0,False,True,True,False,False,False,False,False,False,False,False,False,False,False,False,False,False,False,False,False,True,False,True,False,False,False,False,True,True,False,False,False,False,False,False,False,False,False,False,False,False,False,False,False
255,41,2000,1167.3,0,618123,8,2,0,0,22,1,2,0,69300.0,13860,13860,41580,13,2000,0,False,False,False,True,True,False,True,False,False,False,False,False,True,False,False,False,False,True,False,False,False,True,True,False,False,True,False,False,False,False,False,True,False,False,False,True,False,False,False,False,True,False,False,False
206,36,500,1625.45,0,607452,7,18,0,-53700,11,1,2,1,76560.0,12760,12760,51040,5,2008,1,False,False,False,True,False,False,False,False,True,False,False,False,True,False,False,False,False,True,False,True,False,False,False,False,False,False,False,False,True,False,False,False,False,False,False,False,False,True,False,False,True,False,True,False
203,38,500,1394.43,0,606352,7,16,0,0,7,1,0,1,55440.0,0,6160,49280,9,1999,1,False,False,True,False,False,False,False,False,False,True,False,True,False,False,False,False,False,True,False,True,False,False,False,False,False,False,False,False,False,False,False,False,True,False,True,False,False,False,False,False,False,False,False,True
22,25,2000,1053.24,0,603527,9,12,51100,0,0,4,1,0,77130.0,8570,17140,51420,0,1995,0,False,True,True,False,False,True,False,False,False,False,False,False,True,False,False,False,False,False,False,True,False,False,False,True,False,False,True,False,False,False,False,False,False,False,False,False,False,False,False,False,False,True,True,False
211,35,500,1040.75,0,445601,9,13,0,0,1,1,1,1,42000.0,7000,7000,28000,2,2011,0,False,False,False,False,False,False,False,True,False,False,False,True,False,False,False,False,False,True,False,False,True,False,False,True,False,False,False,False,False,False,False,False,False,True,False,False,True,False,False,False,False,True,False,False
206,39,1000,1302.4,0,603948,2,7,47200,-69700,12,3,2,3,36300.0,3300,9900,23100,5,2013,0,True,False,True,False,True,False,False,True,False,False,False,False,False,False,True,False,False,False,False,False,True,False,False,True,False,False,False,False,True,False,False,False,False,False,False,True,False,False,False,False,True,False,False,True
166,38,2000,1588.55,0,435758,10,18,59600,-32100,8,1,0,0,40320.0,5760,5760,28800,11,2001,0,False,False,False,False,True,False,False,False,True,False,False,False,False,False,True,False,False,True,False,False,False,True,False,True,False,False,True,False,False,False,False,False,False,True,True,False,False,False,False,False,True,False,False,False
165,32,500,1399.26,0,611586,12,8,70500,0,9,1,2,0,3960.0,330,660,2970,2,1998,0,True,False,False,True,False,False,True,False,False,False,False,False,False,True,False,False,True,False,False,False,False,False,True,False,False,False,False,True,False,False,True,False,False,False,False,False,False,True,False,False,False,False,False,False
274,43,2000,1352.31,0,465263,4,1,40700,-47300,22,1,0,3,63840.0,10640,10640,42560,2,2006,1,False,True,False,False,True,True,False,False,False,False,False,False,False,False,False,True,False,True,False,True,False,False,False,False,False,True,False,False,True,False,False,False,False,False,False,False,True,False,False,False,False,True,False,True
81,28,1000,1139.0,0,617858,11,17,42400,0,0,3,1,2,44730.0,4970,4970,34790,10,2000,1,False,False,True,False,False,False,False,False,False,True,False,False,False,False,False,False,False,False,False,True,False,False,False,False,False,True,False,False,False,False,False,True,False,False,False,False,True,False,False,False,False,False,False,False
280,45,1000,1397.67,0,607889,6,4,57900,0,0,3,1,2,84720.0,14120,14120,56480,5,1999,0,True,False,True,False,True,False,False,True,False,False,False,False,False,False,False,True,False,False,False,True,False,False,True,False,False,False,True,False,True,False,False,False,False,False,False,False,False,False,False,False,False,True,True,False
194,39,500,823.17,0,455689,0,13,0,0,3,3,2,2,61500.0,6150,12300,43050,4,2012,0,True,False,True,False,True,False,False,False,False,True,False,False,False,True,False,False,False,False,False,True,False,False,False,False,False,False,True,False,False,False,False,False,False,True,True,False,False,False,False,False,False,False,True,False
112,27,500,965.13,0,450341,12,8,60000,-54800,21,3,0,1,51000.0,8500,8500,34000,9,2013,0,False,True,False,False,False,False,False,False,False,True,False,False,False,False,True,False,False,False,False,True,False,False,False,False,False,False,False,False,False,False,False,False,False,False,False,False,False,False,False,False,False,False,False,False
24,33,1000,1904.8262500000003,0,431277,6,16,0,-45200,0,1,2,1,46800.0,4680,9360,32760,7,2002,0,False,False,False,True,False,False,True,False,False,False,False,False,False,False,False,True,False,True,False,False,False,True,False,True,False,False,False,True,False,False,False,False,False,True,False,False,True,False,False,False,False,False,True,False
93,32,2000,1624.82,0,454656,3,1,65300,-65600,16,1,1,1,78120.0,17360,8680,52080,2,2006,0,False,True,True,False,True,False,False,False,False,False,True,False,False,False,True,False,False,True,False,False,False,True,True,False,False,False,False,False,False,False,False,False,False,True,False,False,True,False,False,False,False,False,False,False
171,34,2000,1277.25,0,605169,3,19,84900,0,14,1,1,2,69200.0,13840,6920,48440,13,1996,1,True,False,True,False,False,True,False,False,False,False,False,False,True,False,False,False,False,True,False,False,True,False,False,False,False,False,False,True,True,False,False,False,False,False,False,False,False,False,False,True,True,False,False,False
200,40,1000,1439.34,0,444822,11,8,45300,-20400,9,1,0,0,3690.0,410,410,2870,5,2015,0,False,False,False,False,False,False,True,False,False,False,False,False,True,False,False,False,False,False,True,False,False,False,True,False,False,False,False,True,False,False,False,False,True,False,False,False,False,False,True,False,False,False,True,False
120,28,1000,1281.27,0,447442,12,9,68900,0,9,3,0,3,65500.0,6550,6550,52400,2,2010,0,False,False,True,False,False,False,False,False,False,False,True,True,False,False,False,False,False,False,False,False,True,False,True,False,False,True,False,False,False,False,False,True,False,False,False,False,False,False,False,True,True,False,False,False
325,46,500,1348.83,0,474360,9,1,46300,-77500,21,3,1,2,76120.0,13840,6920,55360,12,1999,0,False,False,False,True,False,False,True,False,False,False,False,False,False,False,False,True,False,False,False,False,True,False,True,False,False,True,False,False,False,False,False,False,False,False,False,False,False,False,False,True,False,False,False,True
124,32,1000,1198.15,0,447925,7,10,0,-43200,19,3,0,2,73560.0,12260,12260,49040,2,1995,0,False,False,True,False,False,False,False,False,True,False,False,True,False,False,False,False,False,False,False,True,False,False,False,True,False,False,True,False,False,False,False,False,True,False,False,False,False,False,False,True,True,False,False,True
211,35,2000,1221.22,0,451586,6,4,76000,0,2,1,0,1,52030.0,9460,4730,37840,8,2008,0,False,True,False,False,True,False,False,False,False,True,False,False,True,False,False,False,False,True,False,False,True,False,False,True,False,False,False,True,True,False,False,False,False,False,False,False,True,False,False,False,False,True,False,False
287,41,2000,968.74,0,477519,13,18,0,-49000,9,1,2,3,5170.0,470,940,3760,11,2001,0,False,False,False,True,True,False,False,False,False,True,False,False,False,False,False,True,False,False,True,False,False,False,False,False,True,False,False,True,False,False,False,True,False,False,False,False,False,True,False,False,False,False,False,False
122,34,1000,1220.71,0,603639,6,18,58600,-28700,5,1,2,1,8190.0,1890,1260,5040,3,2013,0,True,False,True,False,True,False,False,False,False,False,True,False,False,True,False,False,True,False,False,False,False,False,True,False,False,False,False,True,False,False,False,True,False,False,False,False,True,False,False,False,False,False,False,True
22,29,2000,1238.62,0,463993,3,19,0,-56200,14,1,2,3,70800.0,7080,14160,49560,0,2012,1,True,False,True,False,True,False,False,False,True,False,False,False,True,False,False,False,False,True,False,False,True,False,False,False,False,False,False,False,False,False,False,True,False,False,False,False,False,False,False,True,False,False,False,False
106,31,2000,1320.75,0,441491,4,18,54100,0,20,3,0,3,45630.0,5070,5070,35490,0,2011,0,False,False,False,True,False,False,False,True,False,False,False,False,False,False,False,True,False,False,False,False,True,False,False,True,False,False,False,True,False,False,False,False,False,True,False,False,False,False,False,True,False,False,False,True
398,58,500,990.98,0,469429,3,6,0,-57900,18,1,2,1,99320.0,7640,15280,76400,0,2002,1,False,True,False,False,False,False,False,False,False,False,False,False,False,False,False,True,False,True,False,True,False,False,False,False,False,False,False,True,False,False,False,False,False,False,False,False,False,True,False,False,False,True,False,False
214,41,500,1398.51,0,472214,12,14,0,-57100,13,3,2,0,64000.0,12800,6400,44800,2,1996,1,False,False,False,True,True,False,False,False,False,True,False,True,False,False,False,False,False,False,False,False,False,True,False,False,False,True,False,False,False,False,False,False,False,False,False,False,True,False,False,False,False,False,True,False
209,38,500,1355.08,0,614945,7,9,58100,0,21,1,1,1,47300.0,4730,4730,37840,9,2014,0,False,True,False,False,False,False,False,False,True,False,False,False,True,False,False,False,False,True,False,True,False,False,True,False,False,True,False,False,False,False,False,False,False,True,False,False,False,True,False,False,False,False,False,False
82,27,1000,1384.51,0,476727,0,15,13100,-38200,14,1,2,3,71680.0,8960,8960,53760,13,2007,1,False,False,False,False,True,False,False,False,False,False,True,True,False,False,False,False,False,True,False,False,True,False,False,False,False,False,True,False,False,False,False,True,False,False,False,False,False,False,False,True,True,False,False,False
193,41,500,847.03,0,438555,2,16,0,0,1,1,1,0,112320.0,17280,17280,77760,11,2011,1,False,True,True,False,False,False,False,True,False,False,False,True,False,False,False,False,False,True,False,False,False,True,False,False,False,False,True,False,False,False,False,True,False,False,False,False,False,False,False,True,False,False,False,True
134,32,1000,1000.06,0,440961,4,0,0,0,17,1,1,0,82720.0,7520,15040,60160,1,2014,0,False,True,False,False,False,False,False,False,False,False,True,False,False,False,False,True,False,True,False,False,False,True,False,True,False,False,True,False,True,False,False,False,False,False,True,False,False,False,False,False,False,False,False,False
288,45,1000,1046.71,0,616714,8,14,0,0,4,3,2,1,48060.0,10680,5340,32040,8,2009,0,False,False,False,False,True,False,False,False,False,True,False,False,False,False,False,False,False,False,False,False,True,False,False,False,False,True,False,False,False,False,False,False,False,False,False,True,False,False,False,False,False,False,False,False
104,32,500,1158.03,0,434247,3,11,31900,-44600,23,3,1,3,63570.0,9780,9780,44010,13,2006,1,True,False,True,False,True,False,True,False,False,False,False,False,False,True,False,False,False,False,False,False,True,False,False,True,False,False,False,True,True,False,False,False,False,False,False,False,False,False,True,False,False,True,False,True
431,54,1000,1372.27,0,436547,2,13,17600,0,13,3,2,3,63240.0,10540,10540,42160,11,1997,0,False,True,False,False,False,False,False,False,False,True,False,False,False,True,False,False,False,False,False,False,True,False,False,True,False,True,False,False,False,False,False,False,False,True,True,False,False,False,False,False,True,False,False,False
101,33,1000,1053.04,0,619540,7,15,52000,-44500,20,3,1,3,54240.0,9040,9040,36160,10,2013,1,False,True,False,False,False,False,False,False,False,True,False,False,False,True,False,False,False,False,False,False,True,False,True,False,False,False,False,False,False,False,False,False,False,False,False,False,False,True,False,False,True,False,False,False
375,50,1000,1275.39,0,466283,11,3,0,0,16,1,2,3,37280.0,0,0,37280,1,1996,1,False,True,False,False,True,False,False,False,False,False,False,False,True,False,False,False,False,True,False,True,False,False,False,False,False,False,False,True,True,False,False,False,False,False,False,False,False,False,True,False,False,True,True,False
461,61,2000,1402.75,0,449557,3,8,0,0,10,3,2,1,72100.0,7210,14420,50470,7,2006,0,False,True,False,False,True,False,False,True,False,False,False,False,False,False,False,False,False,False,False,False,True,False,True,False,False,False,False,True,True,False,False,False,False,False,True,False,False,False,False,False,False,False,False,True
428,59,500,1344.36,0,473329,9,10,0,0,8,1,2,3,6500.0,1300,650,4550,10,2013,0,True,False,True,False,False,False,False,True,False,False,False,False,True,False,False,False,True,False,False,False,False,False,True,False,False,False,False,True,False,False,False,False,False,True,False,False,True,False,False,False,False,False,True,False
45,38,1000,1197.71,0,470117,6,12,29000,0,17,3,2,0,78240.0,13040,13040,52160,11,2013,0,True,False,False,False,True,False,False,False,False,True,False,True,False,False,False,False,False,False,False,True,False,False,False,True,False,False,False,False,False,False,False,False,False,True,False,False,False,False,False,True,False,False,False,False
136,29,500,1203.24,0,600702,13,18,62500,-66900,9,1,2,0,6200.0,1240,620,4340,6,1999,0,False,True,False,False,False,False,False,True,False,False,False,False,True,False,False,False,False,False,True,False,False,False,True,False,False,False,False,True,True,False,False,False,False,False,True,False,False,False,False,False,False,False,False,False
216,36,1000,1152.4,0,615921,8,15,39600,-82400,0,1,2,3,6160.0,560,1680,3920,8,2014,0,True,False,False,True,False,False,False,False,False,False,False,False,False,False,True,False,True,False,False,False,False,False,True,False,False,False,False,True,False,False,False,False,True,False,False,False,False,False,False,True,False,True,False,False
278,48,2000,1142.62,0,475588,4,7,0,-54000,12,1,2,0,76050.0,11700,11700,52650,3,1997,0,True,False,False,True,False,False,False,False,True,False,False,True,False,False,False,False,False,True,False,True,False,False,False,True,False,False,False,False,False,False,False,True,False,False,False,False,False,True,False,False,False,False,False,False
295,48,1000,1332.07,0,609409,3,14,49700,-59100,20,2,2,1,86060.0,13240,13240,59580,13,2002,0,False,True,False,True,False,False,False,False,True,False,False,False,False,False,True,False,False,False,False,False,False,True,False,True,False,False,False,False,True,False,False,False,False,False,False,True,False,False,False,False,True,False,False,True
112,30,1000,1166.54,0,479852,9,17,47700,-59300,3,1,2,0,107900.0,10790,20545,75530,4,1997,1,False,True,False,True,False,False,False,False,False,True,False,True,False,False,False,False,False,True,False,True,False,False,False,False,False,True,False,False,False,False,False,True,False,False,False,False,False,False,False,False,False,True,True,False
122,34,500,1495.06,0,452249,9,14,38100,-31400,18,3,2,0,99990.0,18180,18180,63630,8,2011,0,False,False,True,False,False,False,False,False,False,True,False,False,False,False,True,False,False,False,False,False,True,False,False,True,False,True,False,False,False,False,True,False,False,False,True,False,False,False,False,False,True,False,False,True
108,29,1000,1337.92,0,441536,1,3,71400,0,4,3,2,2,61380.0,11160,5580,44640,11,2012,0,True,False,False,True,False,False,False,False,False,False,True,True,False,False,False,False,False,False,False,False,False,True,True,False,False,False,False,False,False,False,False,False,False,True,True,False,False,False,False,False,True,False,False,True
14,28,2000,1587.96,0,601617,2,2,0,-26900,18,1,2,1,71280.0,12960,12960,45360,1,2012,1,False,True,True,False,False,False,False,False,False,False,False,False,False,False,True,False,False,True,False,False,True,False,False,False,False,True,False,False,False,False,False,False,False,True,False,False,False,False,True,False,False,False,False,True
298,45,1000,1362.29,0,442598,4,19,0,-51100,18,3,0,0,64000.0,12800,6400,44800,10,1999,0,False,False,False,True,True,False,True,False,False,False,False,False,False,False,True,False,False,False,False,True,False,False,True,False,False,False,False,False,True,False,False,False,False,False,False,False,True,False,False,False,True,False,True,False
276,46,500,1448.84,0,430987,6,3,0,-50000,7,1,0,1,5940.0,660,660,4620,12,2015,0,False,False,True,False,False,False,False,False,False,True,False,False,False,False,False,False,True,False,False,False,False,False,False,False,True,False,False,True,False,False,False,True,False,False,False,True,False,False,False,False,False,False,True,False
47,37,2000,1241.97,0,430104,7,12,75400,0,18,1,1,0,6700.0,670,670,5360,7,2011,0,True,False,True,False,True,False,True,False,False,False,False,True,False,False,False,False,True,False,False,False,False,False,True,False,False,False,False,True,True,False,False,False,False,False,False,True,False,False,False,False,True,False,True,False
222,42,500,1124.6,0,612904,1,10,0,0,23,3,0,0,51740.0,11940,7960,31840,7,2006,0,False,False,True,False,True,False,False,False,False,False,False,True,False,False,False,False,False,False,False,False,True,False,True,False,False,False,False,True,True,False,False,False,False,False,False,False,False,False,False,False,False,True,False,False
119,28,2000,1079.92,0,430886,6,10,88800,0,1,1,0,1,53600.0,6700,6700,40200,13,2007,1,False,True,True,False,True,False,True,False,False,False,False,False,False,False,False,False,False,True,False,False,True,False,False,True,False,False,False,False,False,False,True,False,False,False,False,False,False,False,True,False,False,False,False,True
73,29,1000,1447.78,0,467947,10,2,35100,-59900,15,3,1,0,44910.0,4990,4990,34930,4,2001,0,False,False,True,False,True,True,False,False,False,False,False,False,False,False,False,True,False,False,False,False,True,False,False,True,False,False,True,False,False,False,False,True,False,False,False,False,False,False,False,False,False,True,False,False
8,31,500,1229.16,0,604804,13,11,0,-88300,2,3,0,2,48100.0,11100,7400,29600,13,2014,0,True,False,True,False,False,False,False,False,True,False,False,False,False,False,False,True,False,False,False,True,False,False,False,False,False,True,False,False,False,False,True,False,False,False,False,True,False,False,False,False,False,False,False,True
294,44,1000,1226.49,0,460308,4,11,53900,0,3,1,0,1,6100.0,610,1220,4270,5,2002,0,False,False,False,False,False,False,False,False,False,False,True,False,False,False,True,False,False,False,True,False,False,False,False,False,True,True,False,False,False,False,False,False,False,True,False,False,False,False,True,False,True,False,True,False
324,46,2000,897.89,0,618862,12,2,0,-41300,13,1,1,0,79600.0,15920,15920,47760,7,2011,0,True,False,False,False,True,False,False,False,True,False,False,False,False,False,False,True,False,True,False,False,True,False,True,False,False,False,True,False,False,False,True,False,False,False,False,True,False,False,False,False,False,False,False,True
155,34,500,1706.79,0,462479,10,7,0,0,1,1,1,1,77040.0,8560,8560,59920,6,1998,0,True,False,False,False,True,False,False,False,False,True,False,False,True,False,False,False,False,True,False,True,False,False,True,False,False,False,False,False,False,True,False,False,False,False,False,True,False,False,False,False,True,False,False,True
261,45,1000,1254.18,0,457555,9,11,0,-45100,16,1,0,1,62590.0,11380,11380,39830,13,2003,0,False,False,True,False,False,False,False,False,False,False,True,False,True,False,False,False,False,True,False,False,True,False,True,False,False,True,False,False,False,False,False,True,False,False,True,False,False,False,False,False,False,True,False,False
245,40,500,885.08,0,459984,1,16,27000,-58900,0,1,0,1,85150.0,13100,13100,58950,3,1998,0,True,False,False,True,False,False,False,False,False,True,False,False,True,False,False,False,False,True,False,True,False,False,False,True,False,False,True,False,False,False,False,False,False,True,False,False,True,False,False,False,False,True,True,False
235,39,500,1046.58,0,434982,12,8,0,-31700,1,1,2,1,4950.0,450,900,3600,3,2010,0,False,False,False,False,True,False,False,False,True,False,False,False,False,False,False,True,False,False,True,False,False,False,False,False,True,False,True,False,True,False,False,False,False,False,False,True,False,False,False,False,False,False,True,False
53,36,2000,1712.68,0,614233,5,1,72200,0,17,3,2,0,51100.0,10220,5110,35770,1,2006,0,False,True,False,True,True,False,False,False,False,False,False,True,False,False,False,False,False,False,False,False,False,True,False,False,False,True,False,False,False,False,False,False,True,False,False,False,False,False,True,False,False,False,False,True
426,54,2000,1097.71,0,605258,0,15,29600,-22300,13,1,2,3,100800.0,16800,16800,67200,4,1997,0,False,False,False,True,False,False,False,False,False,True,False,True,False,False,False,False,False,True,False,False,False,True,True,False,False,False,False,True,False,False,False,True,False,False,False,False,False,False,False,True,False,True,False,False
111,27,500,1363.77,0,604377,12,8,51100,0,12,1,2,3,90970.0,16540,16540,57890,0,2009,0,True,False,True,False,False,False,False,False,False,True,False,False,False,False,False,False,False,True,False,False,False,True,False,True,False,False,False,True,False,False,False,False,True,False,False,False,False,False,False,True,False,True,True,False
86,26,500,1382.88,0,434923,12,6,0,-30300,11,1,1,1,81840.0,14880,7440,59520,3,2011,1,False,True,False,False,True,False,False,True,False,False,False,False,True,False,False,False,False,True,False,False,True,False,True,False,False,False,False,True,False,False,False,True,False,False,False,False,True,False,False,False,False,False,False,True
296,46,1000,1141.35,0,476456,2,17,0,0,18,1,0,2,54900.0,5490,5490,43920,8,2013,0,False,True,False,False,True,False,False,False,False,True,False,True,False,False,False,False,False,True,False,True,False,False,False,False,False,False,False,False,True,False,False,False,False,False,False,False,True,False,False,False,False,False,True,False
125,35,500,1054.83,0,446788,12,6,0,-51300,17,1,2,3,88660.0,8060,16120,64480,8,2007,1,False,True,False,True,True,False,False,True,False,False,False,False,False,False,False,False,False,True,False,True,False,False,False,True,False,True,False,False,True,False,False,False,False,False,False,False,True,False,False,False,False,True,True,False
177,34,2000,1057.77,0,477382,12,3,0,-57700,22,3,1,1,18000.0,2250,2250,13500,1,2009,0,False,False,False,False,False,False,False,True,False,False,False,False,False,False,True,False,False,False,False,True,False,False,False,True,False,False,False,False,False,False,False,False,False,False,False,False,False,False,True,False,False,False,True,False
238,39,2000,1488.02,0,600275,10,8,0,-39200,9,1,1,3,5500.0,1100,550,3850,3,2010,0,True,False,True,False,False,False,False,True,False,False,False,False,True,False,False,False,False,False,True,False,False,False,True,False,False,False,False,True,True,False,False,False,False,False,False,False,False,True,False,False,False,True,False,True
81,25,500,920.3,0,461958,12,10,51000,-67900,11,3,1,0,73920.0,13440,6720,53760,6,2003,1,True,False,False,False,False,False,True,False,False,False,False,False,False,True,False,False,False,False,False,False,True,False,False,False,False,False,True,False,False,False,False,False,False,True,False,True,False,False,False,False,False,False,False,False
128,28,1000,986.53,0,472720,0,14,62700,0,11,1,0,2,101860.0,18520,18520,64820,6,2007,0,False,True,False,True,False,False,True,False,False,False,False,False,True,False,False,False,False,True,False,False,True,False,False,True,False,False,False,False,False,False,False,False,True,False,True,False,False,False,False,False,True,False,False,True
449,57,2000,1440.68,0,442395,12,12,25000,0,8,1,0,1,5390.0,980,980,3430,13,2008,0,False,True,True,False,True,False,False,False,False,False,False,False,False,True,False,False,True,False,False,False,False,False,True,False,False,False,False,False,False,False,False,True,False,False,False,False,False,False,True,False,False,True,False,True
252,39,1000,1086.21,0,455340,4,10,68500,-57500,18,1,1,2,50490.0,5610,5610,39270,9,2001,0,True,False,True,False,True,False,False,True,False,False,False,False,False,False,True,False,False,True,False,False,False,True,True,False,False,False,False,True,False,False,False,True,False,False,False,False,False,False,False,True,False,False,False,False
359,47,2000,1367.68,0,613247,5,1,0,0,13,1,0,3,55500.0,5550,11100,38850,8,2012,0,False,True,False,False,False,False,False,False,True,False,False,False,False,False,True,False,False,True,False,True,False,False,False,True,False,False,False,True,False,False,False,True,False,False,False,False,False,False,False,False,True,False,True,False
19,32,1000,1215.85,0,454985,7,10,42900,-90200,8,1,1,1,7040.0,1280,640,5120,9,2015,0,False,True,False,True,True,False,True,False,False,False,False,False,False,False,False,False,False,False,True,False,False,False,True,False,False,False,False,True,False,False,False,False,True,False,False,True,False,False,False,False,False,True,False,True
73,26,2000,1191.19,0,468813,4,1,29300,0,9,3,0,1,40160.0,5020,0,35140,3,2003,0,False,False,True,False,True,False,False,False,True,False,False,True,False,False,False,False,False,False,False,False,True,False,False,True,False,False,True,False,False,False,False,False,True,False,False,False,False,True,False,False,False,False,False,True
285,44,1000,1594.45,0,452747,5,3,0,0,17,2,2,3,55680.0,6960,6960,41760,10,2006,0,False,False,False,True,True,False,True,False,False,False,False,False,False,False,False,False,False,False,False,False,False,True,False,True,False,True,False,False,False,False,False,False,False,False,True,False,False,False,False,False,False,True,True,False
196,36,2000,1463.07,0,615611,1,16,0,0,3,1,1,1,5300.0,530,530,4240,7,2001,1,True,False,True,False,True,False,False,False,True,False,False,False,False,True,False,False,False,False,True,False,False,False,False,False,True,False,False,True,False,False,False,False,False,True,False,False,False,False,False,True,False,False,True,False
223,43,500,1734.09,0,451400,0,4,0,0,6,1,0,3,5200.0,650,650,3900,0,2006,0,False,True,True,False,False,False,False,False,True,False,False,True,False,False,False,False,True,False,False,False,False,False,False,False,True,False,False,True,False,False,False,False,False,True,False,False,False,False,False,False,False,True,False,False
328,48,500,1411.43,0,464874,1,3,45100,-32800,17,1,2,1,59400.0,5940,11880,41580,6,2014,0,False,False,True,False,True,False,False,False,False,True,False,False,False,True,False,False,False,True,False,True,False,False,False,False,False,False,False,False,True,False,False,False,False,False,False,False,False,False,True,False,False,True,True,False
285,43,2000,1512.58,0,452496,11,13,47600,0,7,1,1,1,2520.0,280,280,1960,2,1997,0,False,True,False,False,False,True,False,False,False,False,False,False,True,False,False,False,False,False,True,False,False,False,True,False,False,False,False,True,False,False,False,True,False,False,False,False,False,False,False,False,False,False,False,False
30,31,2000,1153.35,0,430714,2,9,0,0,9,1,2,1,5760.0,960,960,3840,11,2011,0,False,False,True,False,True,False,False,False,False,False,True,True,False,False,False,False,False,False,True,False,False,False,False,False,True,False,False,True,True,False,False,False,False,False,False,True,False,False,False,False,True,False,False,True
342,49,500,1722.95,0,472634,13,0,63100,-13800,3,1,2,0,76700.0,7670,7670,61360,11,2006,0,False,True,True,False,True,False,False,False,False,False,True,True,False,False,False,False,False,True,False,False,True,False,True,False,False,True,False,False,False,False,False,False,False,True,False,True,False,False,False,False,False,False,False,True
219,39,2000,1281.07,0,608371,10,2,0,0,6,1,0,2,5920.0,740,740,4440,3,2015,0,True,False,True,False,False,False,True,False,False,False,False,False,False,False,True,False,True,False,False,False,False,False,False,False,True,False,False,True,True,False,False,False,False,False,False,False,False,False,False,True,True,False,True,False
468,62,500,1011.92,0,468168,6,13,0,0,7,3,0,3,64350.0,7150,7150,50050,3,2009,0,False,False,False,False,True,False,False,False,False,False,True,False,False,False,False,True,False,False,False,False,True,False,False,False,False,True,False,False,False,False,False,True,False,False,False,False,False,False,True,False,False,True,False,False
241,39,2000,1042.26,0,464107,11,11,0,0,21,3,1,2,19080.0,4240,2120,12720,10,1995,0,False,False,True,False,True,False,False,True,False,False,False,False,False,False,False,False,False,False,False,False,True,False,False,True,False,False,False,False,False,False,False,False,False,True,False,False,True,False,False,False,True,False,False,False
223,43,500,1235.1,0,466959,12,8,66400,-34400,14,1,2,1,54400.0,5440,5440,43520,2,2011,0,False,True,False,True,False,False,False,False,False,True,False,True,False,False,False,False,False,True,False,False,True,False,True,False,False,False,False,True,False,False,False,True,False,False,False,False,False,False,False,True,True,False,True,False
128,32,2000,768.91,0,443522,11,5,0,-39300,0,1,1,0,59800.0,5980,5980,47840,5,1999,1,False,True,False,False,False,True,False,False,False,False,False,False,True,False,False,False,False,True,False,False,True,False,False,True,False,True,False,False,False,False,False,True,False,False,True,False,False,False,False,False,False,False,True,False
124,29,500,1301.72,0,441726,5,9,0,0,14,3,0,3,72000.0,7200,7200,57600,1,2005,0,False,True,False,True,True,False,False,False,False,True,False,False,False,False,False,False,False,False,False,False,False,True,False,False,False,False,False,True,False,False,False,False,True,False,False,False,False,False,False,True,False,False,False,True
343,48,500,1451.54,0,473412,0,10,0,0,13,4,2,3,65070.0,7230,14460,43380,8,2003,0,True,False,True,False,True,False,False,True,False,False,False,False,False,False,False,False,False,False,False,False,False,True,False,True,False,False,False,True,False,False,False,True,False,False,False,False,False,False,True,False,True,False,True,False
404,53,500,767.14,0,466201,11,15,25500,-36700,8,1,0,1,8800.0,1760,880,6160,11,2002,0,True,False,True,False,True,False,False,False,False,False,False,True,False,False,False,False,True,False,False,False,False,False,False,False,True,False,False,True,False,False,False,False,False,True,True,False,False,False,False,False,True,False,True,False
63,24,2000,1620.89,0,469621,5,12,0,0,7,1,2,0,6120.0,1020,1020,4080,12,2015,0,False,True,True,False,False,False,True,False,False,False,False,False,True,False,False,False,False,False,True,False,False,False,True,False,False,False,False,True,False,False,False,False,False,False,False,True,False,False,False,False,True,False,True,False
210,37,2000,1048.46,0,466676,8,16,59900,0,9,1,1,2,7080.0,1180,590,5310,4,1999,0,True,False,False,True,True,False,True,False,False,False,False,True,False,False,False,False,False,False,True,False,False,False,False,False,True,False,False,True,False,True,False,False,False,False,True,False,False,False,False,False,False,False,False,False
335,50,1000,1538.26,0,615346,11,19,62200,-31400,12,3,2,3,34320.0,8580,4290,21450,13,2009,0,False,True,False,False,True,False,True,False,False,False,False,False,True,False,False,False,False,False,False,False,False,True,True,False,False,False,False,False,True,False,False,False,False,False,False,False,False,False,True,False,False,True,False,True
11,40,2000,1217.69,0,440106,9,15,24000,0,6,3,1,0,53460.0,9720,9720,34020,4,2004,1,False,True,False,True,False,False,False,False,True,False,False,False,False,False,False,True,False,False,False,False,False,True,False,False,False,False,True,False,False,False,False,True,False,False,False,False,False,False,False,True,False,False,False,False
142,33,2000,1362.64,0,450332,3,6,0,0,11,1,1,3,81360.0,6780,13560,61020,11,2009,1,True,False,False,False,False,False,False,True,False,False,False,False,False,False,False,True,False,True,False,False,False,True,False,True,False,False,True,False,False,False,False,False,False,False,True,False,False,False,False,False,False,True,False,False
272,43,1000,1279.13,0,615226,2,3,0,0,5,3,1,2,81070.0,7370,14740,58960,1,2006,1,False,True,False,False,True,False,False,False,False,False,True,False,True,False,False,False,False,False,False,False,False,True,True,False,False,False,False,False,False,False,False,False,False,False,False,False,False,False,False,True,False,False,False,True
69,26,2000,924.72,0,437688,6,0,0,0,14,1,2,2,63120.0,5260,10520,47340,1,2008,0,False,False,False,False,False,False,True,False,False,False,False,False,False,False,True,False,False,True,False,True,False,False,True,False,False,True,False,False,True,False,False,False,False,False,True,False,False,False,False,False,True,False,True,False
38,28,1000,1019.44,0,437387,13,19,0,-39700,17,1,2,1,7200.0,1440,720,5040,2,2004,0,False,True,True,False,True,False,False,False,False,True,False,True,False,False,False,False,False,False,True,False,False,False,False,False,True,True,False,False,False,False,False,False,False,False,False,False,False,False,False,True,False,False,True,False
328,46,500,1314.6,0,458139,9,8,24800,0,0,1,2,3,70290.0,12780,6390,51120,10,1998,1,False,False,False,True,False,False,False,False,True,False,False,True,False,False,False,False,False,True,False,False,True,False,False,True,False,False,True,False,False,False,False,False,False,True,False,True,False,False,False,False,False,False,False,False
281,43,1000,1515.18,0,443191,8,4,0,0,21,3,1,0,60190.0,9260,9260,41670,2,1999,0,False,True,False,False,True,True,False,False,False,False,False,False,True,False,False,False,False,False,False,False,False,True,True,False,False,True,False,False,False,False,False,True,False,False,False,False,False,True,False,False,True,False,True,False
246,44,2000,1649.18,0,613647,4,0,0,-58600,18,1,1,2,61380.0,11160,5580,44640,6,2009,1,False,True,True,False,True,True,False,False,False,False,False,False,True,False,False,False,False,True,False,True,False,False,False,False,False,False,True,False,True,False,False,False,False,False,False,True,False,False,False,False,False,True,False,True
298,49,500,1451.01,0,460820,7,8,47800,0,17,1,2,2,28100.0,2810,5620,19670,7,2012,0,False,True,True,False,False,True,False,False,False,False,False,False,False,True,False,False,False,True,False,True,False,False,True,False,False,False,False,False,True,False,False,False,False,False,False,False,False,False,False,True,True,False,True,False
330,50,1000,978.46,0,431121,11,19,0,0,19,1,0,0,49060.0,8920,8920,31220,3,1995,0,False,False,False,True,False,False,True,False,False,False,False,False,False,False,False,False,False,True,False,False,False,True,False,True,False,True,False,False,True,False,False,False,False,False,False,True,False,False,False,False,False,True,True,False
362,50,500,1198.34,0,619735,11,2,53000,-72500,17,3,1,1,57060.0,6340,6340,44380,8,1995,0,False,False,True,False,True,False,False,False,False,False,False,False,False,False,False,True,False,False,False,False,False,True,False,True,False,True,False,False,True,False,False,False,False,False,True,False,False,False,False,False,False,False,True,False
241,38,2000,1003.23,0,470485,12,11,0,0,23,3,0,3,77880.0,12980,12980,51920,0,2008,0,True,False,False,False,False,False,False,False,False,False,False,True,False,False,False,False,False,False,False,False,False,True,False,False,False,True,False,False,False,False,False,False,True,False,False,False,False,False,False,False,False,False,False,True
245,41,2000,1212.0,0,620473,3,1,24400,-60500,4,1,0,1,73500.0,7350,14700,51450,7,1999,0,True,False,False,True,True,False,False,False,False,True,False,False,False,False,True,False,False,True,False,True,False,False,False,True,False,False,False,False,True,False,False,False,False,False,False,False,False,False,False,True,False,True,False,True
371,52,1000,1242.96,0,449800,7,13,0,-37100,2,2,2,0,88920.0,6840,13680,68400,0,2010,0,False,False,True,False,False,False,True,False,False,False,False,False,False,True,False,False,False,False,False,False,True,False,True,False,False,False,True,False,True,False,False,False,False,False,False,False,False,False,True,False,False,True,False,False
343,52,1000,1053.02,0,602402,9,3,0,0,2,1,0,2,47630.0,12990,4330,30310,12,2005,1,False,False,False,True,False,False,False,False,False,False,False,True,False,False,False,False,False,True,False,True,False,False,False,False,False,False,True,False,True,False,False,False,False,False,False,False,False,False,False,False,False,False,True,False
377,53,500,1693.63,0,452456,2,11,0,-64000,10,3,1,3,59040.0,6560,6560,45920,10,2015,0,False,False,False,False,False,False,False,False,True,False,False,False,False,False,True,False,False,False,False,True,False,False,False,True,False,True,False,False,False,False,False,False,False,True,False,True,False,False,False,False,False,True,True,False
154,37,1000,1904.8262500000003,0,439269,4,7,0,-67800,2,1,0,3,79530.0,14460,7230,57840,0,2000,0,False,False,True,False,False,False,False,False,True,False,False,False,True,False,False,False,False,True,False,False,True,False,True,False,False,False,True,False,False,False,False,True,False,False,True,False,False,False,False,False,False,False,True,False
166,34,1000,1083.72,0,617774,6,0,65600,-68200,18,1,0,2,53680.0,4880,4880,43920,6,2005,0,False,True,False,False,False,False,True,False,False,False,False,False,False,False,False,True,False,True,False,False,False,True,False,True,False,False,True,False,True,False,False,False,False,False,True,False,False,False,False,False,True,False,False,True
298,46,1000,1138.42,0,477678,9,7,36900,-55000,18,1,2,3,33550.0,3050,6100,24400,13,2005,0,False,True,False,True,True,False,False,True,False,False,False,False,False,True,False,False,False,True,False,False,False,True,True,False,False,False,False,True,False,False,False,True,False,False,False,False,False,False,False,False,True,False,False,True
235,42,500,1072.62,0,444913,6,8,39900,-60200,7,4,2,1,69100.0,6910,6910,55280,12,2006,0,True,False,True,False,False,False,False,False,False,True,False,False,False,False,False,False,False,False,False,False,False,True,False,True,False,False,True,False,False,False,False,False,False,True,False,False,False,False,False,True,False,False,False,True
172,35,2000,1219.04,0,456602,5,13,63600,-68700,19,3,2,0,79750.0,14500,14500,50750,9,1999,0,False,False,False,False,True,False,False,False,True,False,False,False,False,True,False,False,False,False,False,False,True,False,False,False,False,False,False,True,False,True,False,False,False,False,False,True,False,False,False,False,False,False,True,False
27,28,2000,1371.78,0,451560,4,14,0,-32500,10,3,0,2,53600.0,5360,10720,37520,1,2015,1,True,False,False,False,True,False,False,True,False,False,False,False,True,False,False,False,False,False,False,True,False,False,False,False,False,False,True,False,False,False,True,False,False,False,False,False,False,False,True,False,False,False,False,True
428,54,2000,1506.21,0,453407,13,11,0,-24400,16,3,1,0,76560.0,12760,6380,57420,9,2009,0,True,False,False,False,True,False,False,False,False,True,False,False,False,False,True,False,False,False,False,False,False,True,True,False,False,True,False,False,True,False,False,False,False,False,False,False,False,False,True,False,True,False,False,False
99,32,1000,1058.21,0,618655,2,9,0,0,17,1,1,1,41130.0,4570,4570,31990,4,1999,0,True,False,False,False,True,False,False,True,False,False,False,False,False,False,True,False,False,True,False,True,False,False,False,True,False,True,False,False,True,False,False,False,False,False,False,False,False,False,False,False,False,True,True,False
107,26,2000,932.14,0,612550,11,6,40600,0,2,3,2,3,78650.0,14300,7150,57200,1,1996,1,False,False,False,True,True,False,False,False,True,False,False,False,False,True,False,False,False,False,False,False,True,False,False,True,False,True,False,False,False,False,False,True,False,False,True,False,False,False,False,False,True,False,True,False
272,41,2000,1608.34,0,466718,4,15,33300,-10600,19,1,1,1,71060.0,6460,12920,51680,10,2010,0,False,True,False,True,False,False,False,False,False,False,False,False,False,True,False,False,False,True,False,False,False,True,False,False,False,False,True,False,True,False,False,False,False,False,False,False,False,False,False,True,False,False,False,False
151,37,1000,1728.56,0,617947,4,7,54000,0,0,1,1,1,38830.0,3530,3530,31770,11,1999,0,True,False,False,True,False,False,False,False,False,True,False,False,False,True,False,False,False,True,False,True,False,False,True,False,False,True,False,False,False,False,False,False,False,True,False,False,False,True,False,False,False,True,False,False
249,43,1000,1518.46,0,606238,1,6,0,0,16,1,0,0,53500.0,5350,5350,42800,10,2015,0,False,False,True,False,False,False,False,False,True,False,False,False,False,True,False,False,False,True,False,True,False,False,False,False,False,True,False,False,False,False,False,True,False,False,False,False,False,False,True,False,False,False,False,True
177,38,2000,1540.19,0,463842,0,16,0,-74500,20,1,2,0,73700.0,7370,7370,58960,3,2001,1,False,False,False,False,False,True,False,False,False,False,False,False,True,False,False,False,False,True,False,True,False,False,False,False,False,False,True,False,False,False,False,False,True,False,True,False,False,False,False,False,False,True,True,False
190,40,2000,965.21,0,610354,3,4,36900,-53700,10,1,2,1,6300.0,630,630,5040,9,2001,0,False,True,False,True,False,False,False,True,False,False,False,False,True,False,False,False,True,False,False,False,False,False,False,False,True,False,True,False,False,False,False,True,False,False,False,True,False,False,False,False,False,False,False,True
174,36,2000,1278.75,0,461328,12,13,53200,-53800,21,3,2,2,65400.0,10900,10900,43600,4,2012,0,False,False,False,False,False,True,False,False,False,False,False,False,False,True,False,False,False,False,False,False,True,False,False,True,False,False,False,False,True,False,False,False,False,False,False,False,False,False,True,False,False,False,True,False
95,28,1000,773.99,0,458727,1,2,0,-70300,3,1,1,2,3200.0,640,320,2240,8,2014,0,False,True,True,False,True,False,False,False,False,False,False,False,True,False,False,False,False,False,True,False,False,False,False,False,True,False,False,False,False,False,True,False,False,False,False,False,False,False,False,True,False,True,True,False
371,51,1000,1532.47,0,452587,12,9,60300,-24700,7,1,0,3,75400.0,7540,15080,52780,4,2012,1,True,False,False,True,False,False,False,False,False,False,False,False,True,False,False,False,False,True,False,False,True,False,False,False,False,True,False,False,True,False,False,False,False,False,False,False,False,False,False,False,False,True,False,True
2,28,1000,1340.56,0,433184,6,9,0,0,19,1,0,2,58140.0,6460,6460,45220,10,2008,0,False,False,True,False,False,False,False,True,False,False,False,True,False,False,False,False,False,True,False,False,False,True,True,False,False,True,False,False,True,False,False,False,False,False,False,False,True,False,False,False,False,True,False,True
269,44,500,1297.75,0,451280,7,5,0,-41400,15,3,0,1,98670.0,15180,15180,68310,3,2010,1,False,True,False,False,False,False,False,True,False,False,False,False,False,True,False,False,False,False,False,False,True,False,False,True,False,False,False,False,False,False,False,True,False,False,True,False,False,False,False,False,False,False,False,False
101,27,1000,600.4762499999999,0,603269,6,9,25900,0,7,1,0,3,5900.0,1180,590,4130,8,2009,0,False,False,True,False,True,False,False,False,False,True,False,False,True,False,False,False,True,False,False,False,False,False,True,False,False,False,False,False,False,False,False,True,False,False,False,True,False,False,False,False,False,False,True,False
94,30,2000,1025.54,0,442632,1,13,0,-52600,19,1,1,3,64100.0,6410,6410,51280,3,2001,0,True,False,True,False,False,False,True,False,False,False,False,False,True,False,False,False,False,True,False,False,True,False,False,False,False,True,False,False,False,False,False,False,False,False,False,False,False,False,False,False,False,False,False,True
117,28,500,1264.77,0,447300,13,19,47500,-32500,13,2,0,1,55440.0,5040,10080,40320,11,2009,1,False,True,True,False,False,False,False,False,False,False,False,False,False,False,True,False,False,False,False,False,True,False,False,True,False,True,False,False,False,False,False,True,False,False,False,False,False,False,False,True,False,True,False,False
111,27,500,1459.97,0,441783,11,19,0,0,2,3,1,2,80850.0,7350,14700,58800,5,2011,1,False,True,True,False,True,False,False,False,True,False,False,False,True,False,False,False,False,False,False,False,False,True,False,False,False,False,False,True,False,False,False,True,False,False,False,False,True,False,False,False,True,False,True,False
242,40,500,1238.65,0,468702,13,3,0,-44600,5,1,1,1,7480.0,680,680,6120,10,1998,0,False,True,False,False,False,False,True,False,False,False,False,False,False,False,False,False,False,False,True,False,False,False,False,False,True,False,False,True,False,False,False,False,False,True,False,False,False,False,False,True,False,True,True,False
440,61,500,1050.76,0,467942,13,12,41500,-70200,21,1,2,3,53640.0,5960,5960,41720,9,2004,1,False,True,True,False,True,False,False,False,False,False,True,False,False,False,False,True,False,True,False,False,False,True,False,False,False,True,False,False,False,True,False,False,False,False,False,False,False,False,True,False,False,False,True,False
20,23,1000,1711.72,0,463678,12,0,0,0,21,3,2,2,63250.0,5750,11500,46000,3,2002,1,False,True,False,True,False,False,False,True,False,False,False,False,False,False,False,True,False,False,False,False,True,False,False,False,False,True,False,False,False,False,False,True,False,False,False,False,False,True,False,False,True,False,True,False
461,57,500,865.33,0,615220,4,9,0,0,7,3,0,1,59040.0,9840,9840,39360,4,1995,0,False,False,False,False,False,False,True,False,False,False,False,False,False,True,False,False,False,False,False,False,False,True,False,False,False,False,False,False,True,False,False,False,False,False,False,True,False,False,False,False,True,False,False,False
208,36,500,1153.49,0,432711,2,0,0,0,16,3,1,0,50500.0,10100,5050,35350,0,2004,0,False,False,True,False,True,False,False,False,False,False,False,False,True,False,False,False,False,False,False,False,False,True,False,True,False,False,True,False,False,False,False,True,False,False,False,False,False,False,False,False,False,True,False,True
279,43,2000,1281.25,0,463583,6,6,0,0,13,1,0,1,57690.0,6410,12820,38460,8,2010,1,False,True,False,True,True,False,False,False,False,False,False,False,True,False,False,False,False,True,False,False,False,True,False,False,False,False,False,True,False,False,False,True,False,False,True,False,False,False,False,False,False,True,True,False
244,40,500,1342.8,0,439502,11,0,0,0,2,1,1,3,5940.0,660,660,4620,12,2014,0,False,False,False,False,False,False,False,False,True,False,False,False,False,False,False,False,False,False,True,False,False,False,False,False,True,False,False,True,True,False,False,False,False,False,False,False,False,False,False,True,False,True,False,True
134,30,2000,1443.32,0,613287,3,7,0,0,19,3,0,2,47790.0,5310,5310,37170,11,1995,1,False,True,True,False,False,False,False,False,False,False,True,False,False,False,True,False,False,False,False,False,True,False,False,False,False,True,False,False,False,False,False,True,False,False,False,False,True,False,False,False,False,False,False,True
122,29,1000,1629.94,0,620104,8,16,0,-47100,17,1,0,1,3850.0,350,350,3150,4,2014,0,False,True,True,False,False,False,False,False,False,True,False,False,True,False,False,False,True,False,False,False,False,False,False,False,True,True,False,False,False,False,False,True,False,False,False,False,False,False,True,False,False,False,True,False
156,31,2000,1134.08,0,446895,7,15,0,0,3,1,2,0,59000.0,5900,5900,47200,5,2013,1,False,False,False,False,True,False,False,False,False,False,True,False,False,False,False,False,False,True,False,True,False,False,False,False,False,False,False,True,False,False,False,False,False,False,False,False,False,False,False,False,False,False,False,False
232,43,500,1483.91,0,431531,6,9,0,-33600,17,3,0,1,70600.0,7060,14120,49420,13,2013,1,False,True,True,False,True,True,False,False,False,False,False,False,False,False,False,False,False,False,False,False,True,False,False,False,False,False,False,False,True,False,False,False,False,False,False,False,False,False,False,False,True,False,False,False
244,40,2000,1304.67,0,605408,1,0,0,-45000,5,3,1,1,61490.0,5590,11180,44720,4,2001,0,True,False,False,True,True,False,False,False,False,True,False,False,True,False,False,False,False,False,False,False,False,True,True,False,False,False,False,True,False,False,False,True,False,False,False,True,False,False,False,False,False,False,False,False
84,30,2000,1035.79,0,457551,10,11,44400,-51500,9,1,1,0,57640.0,5240,10480,41920,13,2010,0,False,False,False,True,False,False,False,False,True,False,False,False,False,False,False,True,False,True,False,False,False,True,True,False,False,False,False,True,False,False,False,True,False,False,False,False,True,False,False,False,True,False,False,True
394,57,500,1401.2,0,619892,2,12,51500,0,9,1,1,0,6890.0,1060,1060,4770,1,1999,0,False,False,True,False,False,False,True,False,False,False,False,False,False,True,False,False,False,False,True,False,False,False,False,False,True,False,False,True,False,False,False,False,False,False,False,True,False,False,False,False,True,False,True,False
246,45,1000,1665.45,0,445853,6,10,34400,-33100,9,3,2,2,53280.0,11840,5920,35520,12,2006,1,False,False,True,False,True,False,False,True,False,False,False,False,False,False,False,True,False,False,False,False,False,True,False,False,False,True,False,False,False,False,True,False,False,False,True,False,False,False,False,False,False,False,False,False
35,29,2000,653.66,0,475483,5,18,52100,-46900,22,3,0,0,78300.0,15660,7830,54810,2,2009,0,True,False,False,True,False,False,False,True,False,False,False,False,False,False,True,False,False,False,False,False,True,False,True,False,False,True,False,False,False,False,False,True,False,False,False,False,False,False,False,True,True,False,False,False
156,37,500,1080.13,0,606290,10,15,0,-61000,15,3,0,3,41490.0,4610,4610,32270,9,2001,0,False,True,False,False,True,False,False,False,False,False,False,False,True,False,False,False,False,False,False,False,True,False,False,False,False,False,False,False,False,False,True,False,False,False,False,False,False,False,False,True,False,True,True,False
195,36,2000,1346.18,0,611852,6,4,57800,-53300,14,3,2,3,68970.0,12540,6270,50160,3,2007,0,True,False,False,False,False,False,False,False,False,False,False,False,False,False,False,True,False,False,False,True,False,False,False,True,False,True,False,False,False,False,False,True,False,False,False,True,False,False,False,False,False,True,False,True
369,55,2000,1589.54,0,444734,5,4,55400,0,6,3,2,0,85300.0,17060,8530,59710,12,2003,0,False,True,True,False,True,True,False,False,False,False,False,False,False,False,False,False,False,False,False,False,True,False,True,False,False,False,False,True,False,False,False,False,True,False,False,False,False,False,False,False,False,False,False,True
271,40,1000,1251.65,0,433683,7,4,71200,0,6,1,0,0,3080.0,560,280,2240,1,2012,0,False,False,False,False,False,False,False,False,False,False,False,False,False,False,False,True,True,False,False,False,False,False,True,False,False,False,False,True,True,False,False,False,False,False,False,True,False,False,False,False,True,False,True,False
332,47,2000,1083.01,0,448882,2,13,91900,0,22,4,2,0,71760.0,11040,11040,49680,7,2010,1,False,False,False,False,True,False,False,False,True,False,False,False,True,False,False,False,False,False,False,True,False,False,False,False,False,False,False,True,False,False,False,False,False,True,False,False,False,False,False,False,False,True,False,False
107,26,500,974.59,0,466838,1,16,62800,0,14,3,1,0,59700.0,11940,11940,35820,9,2002,0,False,True,False,False,False,False,False,True,False,False,False,False,False,False,False,True,False,False,False,False,True,False,True,False,False,False,False,False,True,False,False,False,False,False,False,False,False,False,False,False,False,False,True,False
217,39,2000,1399.85,0,605490,7,16,49900,-19800,16,3,0,2,64920.0,10820,10820,43280,5,1997,0,False,False,False,True,False,False,False,False,False,True,False,False,True,False,False,False,False,False,False,True,False,False,True,False,False,True,False,False,True,False,False,False,False,False,True,False,False,False,False,False,True,False,False,False
243,43,500,1307.74,0,466137,6,2,0,-75700,10,3,0,1,37530.0,4170,4170,29190,7,2008,0,True,False,False,True,False,False,False,False,False,False,False,False,False,True,False,False,False,False,False,True,False,False,False,False,False,False,False,False,False,False,False,True,False,False,False,False,False,False,True,False,False,False,True,False
296,42,2000,1219.27,0,466970,12,13,53100,-63400,9,3,1,2,64080.0,7120,7120,49840,10,2012,0,True,False,True,False,True,False,False,False,False,False,False,False,False,False,False,False,False,False,False,False,False,True,False,True,False,False,False,False,False,False,False,False,False,True,True,False,False,False,False,False,False,True,True,False
264,41,500,1411.3,0,474801,9,6,55600,0,4,1,1,0,60390.0,10980,5490,43920,2,2004,1,False,True,False,False,True,False,False,False,False,False,True,False,False,False,True,False,False,True,False,False,True,False,True,False,False,False,True,False,False,False,True,False,False,False,False,False,False,True,False,False,True,False,False,False
108,33,2000,694.45,0,450703,1,8,0,0,6,3,0,1,64350.0,5850,11700,46800,9,2011,1,False,False,False,False,False,False,False,True,False,False,False,True,False,False,False,False,False,False,False,False,False,True,False,False,False,False,False,True,False,False,False,False,False,True,False,False,True,False,False,False,False,False,False,True
32,38,500,1006.77,0,478172,7,17,0,0,15,3,2,1,70900.0,14180,7090,49630,2,1997,0,False,False,False,False,False,True,False,False,False,False,False,False,False,True,False,False,False,False,False,False,False,True,True,False,False,False,False,True,False,False,False,True,False,False,False,False,True,False,False,False,False,True,False,True
259,39,1000,1422.36,0,604668,2,12,0,-83900,12,3,1,3,46560.0,7760,7760,31040,9,2012,0,False,True,True,False,False,False,False,True,False,False,False,False,False,False,True,False,False,False,False,False,False,True,True,False,False,True,False,False,False,False,True,False,False,False,True,False,False,False,False,False,True,False,False,False
186,33,1000,1348.32,0,469429,2,6,37600,-37600,3,1,2,1,4730.0,860,860,3010,3,2013,1,True,False,False,False,False,False,False,False,False,False,False,False,False,False,False,True,False,False,True,False,False,False,False,False,True,False,False,True,True,False,False,False,False,False,False,False,False,False,False,False,True,False,False,False
201,40,2000,1315.56,0,471806,13,18,0,0,14,1,0,0,6820.0,1240,1240,4340,7,2003,0,False,True,True,False,False,False,False,False,False,False,True,True,False,False,False,False,False,False,True,False,False,False,True,False,False,False,False,True,False,False,False,True,False,False,False,False,False,True,False,False,False,True,False,True
436,58,2000,1407.01,0,475705,12,17,47400,-27600,10,1,0,2,59900.0,11980,5990,41930,2,1997,1,False,True,True,False,True,False,False,False,False,False,True,False,True,False,False,False,False,True,False,False,True,False,False,False,False,False,False,True,False,False,False,False,False,True,False,False,False,False,True,False,False,False,False,False
189,36,2000,1388.58,0,459122,8,1,0,-49400,17,3,1,3,79560.0,13260,13260,53040,5,2009,0,False,True,True,False,False,False,False,False,True,False,False,False,False,True,False,False,False,False,False,False,False,True,False,False,False,False,False,True,False,False,False,False,False,True,False,False,False,False,True,False,False,False,False,True
105,33,500,1310.76,0,476737,0,11,0,-40900,8,1,0,1,70290.0,12780,6390,51120,0,2008,0,False,False,False,True,False,False,True,False,False,False,False,True,False,False,False,False,False,True,False,True,False,False,False,True,False,False,True,False,False,False,False,False,True,False,False,False,False,True,False,False,False,True,False,False
163,31,1000,1004.63,0,460359,8,10,26900,0,14,3,2,0,63910.0,5810,11620,46480,11,1999,0,True,False,False,False,True,False,False,True,False,False,False,True,False,False,False,False,False,False,False,False,True,False,False,True,False,False,False,False,False,False,False,True,False,False,False,True,False,False,False,False,False,True,True,False
219,40,500,1134.91,0,452735,13,9,68700,0,6,1,1,0,6400.0,640,640,5120,12,1997,0,False,True,False,False,False,False,False,False,False,False,False,True,False,False,False,False,False,False,True,False,False,False,False,False,True,False,False,False,False,False,False,True,False,False,False,False,False,False,True,False,False,False,True,False
88,25,1000,1194.0,0,613583,5,12,0,0,6,1,1,2,66780.0,7420,7420,51940,5,2013,1,True,False,True,False,False,False,False,True,False,False,False,False,False,False,False,False,False,True,False,False,True,False,False,False,False,False,False,False,False,False,False,True,False,False,False,False,False,True,False,False,False,True,False,True
40,39,1000,1248.25,0,605692,11,10,0,-33300,8,1,0,2,8760.0,1460,1460,5840,2,2013,0,True,False,False,True,False,True,False,False,False,False,False,False,False,True,False,False,True,False,False,False,False,False,True,False,False,False,False,True,False,False,False,False,True,False,False,False,False,True,False,False,True,False,False,False
284,42,500,1338.54,0,438178,6,11,0,0,13,1,0,1,94160.0,8560,17120,68480,3,1996,0,False,True,False,False,True,False,False,False,False,False,False,False,False,False,False,True,False,True,False,False,False,True,False,False,False,False,False,False,False,False,False,False,False,False,False,False,False,False,False,False,False,True,False,False
59,40,2000,782.23,0,449221,10,9,64200,-32300,0,3,0,2,51570.0,5730,11460,34380,2,2010,0,False,False,True,False,True,True,False,False,False,False,False,False,True,False,False,False,False,False,False,True,False,False,False,True,False,False,False,False,False,True,False,False,False,False,False,False,False,False,False,True,False,False,True,False
39,31,2000,1366.9,0,459322,5,14,0,-15700,14,3,1,0,52700.0,10540,10540,31620,2,2014,1,False,False,True,False,False,False,True,False,False,False,False,False,False,False,False,False,False,False,False,False,True,False,False,False,False,True,False,False,False,False,False,False,False,False,False,False,True,False,False,False,False,False,True,False
147,34,1000,1275.81,0,472657,11,7,0,-48300,13,1,2,2,101010.0,15540,15540,69930,8,1998,0,False,False,False,True,True,False,True,False,False,False,False,False,False,False,False,True,False,True,False,False,False,True,True,False,False,True,False,False,True,False,False,False,False,False,True,False,False,False,False,False,False,True,False,False
156,37,500,1090.65,0,608331,3,9,0,-51800,16,4,1,2,53400.0,5340,5340,42720,6,2010,1,True,False,True,False,True,False,True,False,False,False,False,False,False,False,True,False,False,False,False,False,True,False,True,False,False,False,False,True,False,False,False,False,False,False,True,False,False,False,False,False,False,False,False,True
123,31,500,1326.0,0,438546,9,1,0,-54600,13,1,1,2,72120.0,12020,12020,48080,8,2009,0,True,False,True,False,False,False,False,False,False,False,False,False,False,False,False,True,False,True,False,False,False,True,False,True,False,True,False,False,False,False,False,True,False,False,False,False,False,True,False,False,False,False,True,False
231,43,2000,972.47,0,441981,10,15,0,-58100,15,3,2,2,77100.0,7710,15420,53970,1,2010,0,False,False,True,False,True,True,False,False,False,False,False,False,False,False,False,True,False,False,False,True,False,False,True,False,False,False,False,True,False,False,True,False,False,False,False,True,False,False,False,False,False,True,False,True
247,39,500,806.31,0,602177,5,7,0,0,3,1,2,3,3300.0,600,0,2700,4,2003,0,False,False,False,False,False,True,False,False,False,False,False,False,False,False,False,True,True,False,False,False,False,False,False,False,True,False,False,True,False,False,False,True,False,False,False,False,True,False,False,False,False,False,False,False
194,35,500,1416.24,0,441659,0,9,0,0,7,1,1,0,5940.0,1080,540,4320,9,2003,0,False,False,False,True,False,False,False,False,True,False,False,True,False,False,False,False,True,False,False,False,False,False,True,False,False,False,False,True,False,False,False,False,False,True,False,False,True,False,False,False,False,True,False,False
119,27,2000,1097.64,0,614812,13,18,27100,0,16,2,1,0,63720.0,7080,20545,35400,0,2006,0,True,False,True,False,True,False,True,False,False,False,False,False,True,False,False,False,False,False,False,False,True,False,False,False,False,False,True,False,False,False,True,False,False,False,False,False,True,False,False,False,True,False,False,False
259,43,500,947.75,0,458470,4,0,0,-39300,15,1,1,3,7680.0,1280,640,5760,1,2008,0,False,False,False,False,False,False,False,False,False,True,False,True,False,False,False,False,False,False,True,False,False,False,False,False,True,False,False,True,False,False,False,True,False,False,False,False,False,False,True,False,True,False,True,False
107,31,2000,1018.73,0,469646,5,19,20000,-82700,21,3,1,2,93730.0,14420,20545,57680,6,2001,0,False,False,False,False,True,False,False,False,False,False,False,False,False,True,False,False,False,False,False,False,False,True,False,True,False,False,False,True,True,False,False,False,False,False,False,False,False,False,True,False,False,True,False,False
48,44,2000,1400.74,0,611118,11,0,34000,-55600,23,3,0,2,87300.0,17460,17460,52380,7,2013,0,False,False,False,False,True,True,False,False,False,False,False,False,True,False,False,False,False,False,False,False,True,False,False,False,False,False,False,True,False,False,False,False,False,False,False,False,False,False,False,False,False,True,False,False
267,40,500,1155.53,0,465158,13,4,0,-35200,5,1,0,2,5670.0,1260,630,3780,5,1997,0,False,False,True,False,True,False,False,True,False,False,False,False,False,False,False,True,True,False,False,False,False,False,False,False,True,False,False,True,True,False,False,False,False,False,True,False,False,False,False,False,False,False,True,False
286,47,500,1386.93,0,457130,8,3,54100,-77600,15,3,0,0,65800.0,13160,6580,46060,0,2001,0,True,False,True,False,True,False,True,False,False,False,False,False,False,False,False,False,False,False,False,False,True,False,True,False,False,False,True,False,True,False,False,False,False,False,False,False,False,False,False,True,False,True,True,False
175,34,500,915.29,0,607893,5,0,82400,-57100,14,1,2,1,36720.0,4080,4080,28560,6,2009,1,False,True,False,False,False,False,False,True,False,False,False,False,False,False,False,True,False,True,False,True,False,False,False,False,False,False,True,False,True,False,False,False,False,False,False,False,False,False,False,False,False,False,False,True
111,29,500,1239.55,0,464736,4,11,0,0,1,1,1,1,52800.0,4800,9600,38400,8,1996,1,False,False,True,False,False,False,False,False,False,False,True,False,False,True,False,False,False,True,False,False,False,True,False,False,False,True,False,False,False,False,False,True,False,False,False,False,False,False,True,False,False,False,False,True
151,37,500,1366.42,0,476198,10,6,44000,0,14,3,1,2,59100.0,5910,5910,47280,9,1998,1,True,False,True,False,False,False,False,False,False,False,False,False,False,False,True,False,False,False,False,False,True,False,False,True,False,True,False,False,False,False,False,True,False,False,False,False,False,False,False,False,True,False,False,True
156,37,1000,1086.48,0,444903,6,10,0,-53800,17,3,1,1,77440.0,14080,7040,56320,11,1999,0,False,True,False,True,True,False,False,False,False,False,False,False,False,False,True,False,False,False,False,False,True,False,False,True,False,False,True,False,True,False,False,False,False,False,False,False,False,True,False,False,False,False,False,True
165,36,2000,1247.87,0,464336,1,9,0,-39700,20,3,2,2,45700.0,4570,4570,36560,2,2008,0,False,False,True,False,True,False,False,False,False,True,False,False,False,False,False,False,False,False,False,False,False,True,False,True,False,True,False,False,True,False,False,False,False,False,False,False,True,False,False,False,True,False,True,False
253,41,2000,1312.75,0,471453,11,7,81300,0,10,3,2,2,80740.0,7340,14680,58720,12,2014,1,False,True,False,False,False,False,False,False,False,False,True,False,True,False,False,False,False,False,False,False,True,False,False,False,False,False,True,False,False,False,False,True,False,False,False,False,False,False,False,True,True,False,False,True
10,26,2000,765.64,0,466191,11,0,0,-22200,3,3,0,3,31350.0,2850,5700,22800,6,2001,1,True,False,False,False,True,False,False,False,True,False,False,True,False,False,False,False,False,False,False,True,False,False,False,False,False,False,False,False,False,False,False,True,False,False,False,False,False,True,False,False,False,False,False,False
158,33,2000,1327.41,0,440930,5,16,0,-38600,0,1,0,0,35000.0,3500,7000,24500,11,2012,0,False,True,False,False,False,False,False,False,False,False,False,False,True,False,False,False,False,True,False,False,False,True,False,True,False,False,True,False,False,False,False,True,False,False,False,True,False,False,False,False,False,False,False,False
436,59,1000,1338.55,0,430380,10,2,39000,0,10,3,2,2,68000.0,13600,6800,47600,12,2014,0,False,True,False,True,True,False,False,False,False,False,True,False,False,True,False,False,False,False,False,False,False,True,False,True,False,False,False,True,False,False,False,False,False,True,False,True,False,False,False,False,False,False,True,False
91,30,2000,1316.63,0,613178,6,9,43900,0,13,3,2,0,84500.0,13000,13000,58500,2,2009,0,False,False,True,False,False,False,False,False,False,True,False,False,False,False,True,False,False,False,False,False,False,True,True,False,False,False,True,False,False,False,False,True,False,False,False,False,True,False,False,False,False,True,False,False
256,42,1000,1286.44,0,460564,13,3,0,-39500,14,1,2,1,75500.0,7550,15100,52850,9,1998,0,False,False,False,True,False,False,False,False,True,False,False,False,False,False,False,True,False,True,False,False,True,False,True,False,False,False,False,True,False,False,False,False,False,True,False,False,True,False,False,False,True,False,False,False
274,46,1000,1372.18,0,439929,3,3,0,0,22,3,1,3,90600.0,15100,15100,60400,2,2009,0,False,True,False,True,True,False,True,False,False,False,False,True,False,False,False,False,False,False,False,False,False,True,False,True,False,False,True,False,False,False,False,False,False,True,False,False,False,False,True,False,True,False,False,False
275,45,2000,1447.77,0,605756,0,4,39400,-63900,8,3,1,1,64320.0,5360,10720,48240,0,1998,0,True,False,False,True,False,False,False,False,False,False,False,False,False,False,False,True,False,False,False,False,False,True,False,True,False,False,False,False,False,False,False,False,True,False,False,False,True,False,False,False,False,True,False,False
1,33,500,903.32,0,451184,13,19,0,0,1,3,1,0,31700.0,6340,3170,22190,12,2006,0,False,False,True,False,False,False,True,False,False,False,False,True,False,False,False,False,False,False,False,False,True,False,True,False,False,False,False,True,True,False,False,False,False,False,False,False,True,False,False,False,False,False,False,False
85,30,1000,1454.42,0,459588,10,15,51600,-73900,19,1,0,1,74280.0,12380,12380,49520,11,2006,1,True,False,False,True,True,False,False,False,False,False,False,False,True,False,False,False,False,True,False,False,False,True,False,False,False,False,True,False,True,False,False,False,False,False,False,False,False,False,False,True,False,True,False,True
233,37,2000,1603.42,0,616637,11,18,61600,-30200,17,1,0,2,80520.0,13420,6710,60390,12,2005,0,False,False,False,False,False,False,True,False,False,False,False,False,False,False,False,True,False,True,False,True,False,False,False,True,False,True,False,False,True,False,False,False,False,False,True,False,False,False,False,False,False,True,False,True
142,30,2000,1616.58,0,447979,0,14,58500,-46800,13,3,0,3,63600.0,6360,12720,44520,4,2010,0,True,False,True,False,True,False,False,True,False,False,False,False,False,False,False,False,False,False,False,False,True,False,False,False,False,False,True,False,False,False,False,True,False,False,False,True,False,False,False,False,False,True,False,True
266,44,500,1611.83,0,460176,5,12,0,0,4,1,1,2,32800.0,3280,3280,26240,2,2012,0,False,False,True,False,True,False,True,False,False,False,False,False,False,False,False,False,False,True,False,True,False,False,False,True,False,False,False,True,False,False,False,False,False,True,False,False,False,False,True,False,False,False,False,True
350,50,500,889.13,0,459429,8,2,0,0,14,3,0,2,44190.0,9820,4910,29460,1,2015,0,False,True,False,True,False,False,False,False,False,True,False,False,True,False,False,False,False,False,False,False,True,False,False,True,False,False,False,True,False,False,True,False,False,False,False,False,True,False,False,False,True,False,True,False
97,26,1000,1252.08,0,465456,3,17,0,0,4,2,2,2,50400.0,10080,5040,35280,6,2000,1,False,False,True,False,True,True,False,False,False,False,False,True,False,False,False,False,False,False,False,False,True,False,False,False,False,False,True,False,False,False,False,False,True,False,False,False,False,False,False,True,False,True,True,False
399,55,2000,995.56,0,464665,12,17,0,-65400,23,3,1,1,88400.0,17680,8840,61880,9,2010,0,False,False,False,True,True,False,False,True,False,False,False,True,False,False,False,False,False,False,False,False,False,True,False,True,False,False,False,True,True,False,False,False,False,False,False,False,True,False,False,False,False,True,False,True
305,49,2000,1347.92,0,430853,4,3,0,-42100,21,3,0,2,66550.0,12100,6050,48400,13,2003,0,False,False,False,False,False,False,True,False,False,False,False,False,False,True,False,False,False,False,False,True,False,False,False,True,False,True,False,False,True,False,False,False,False,False,False,True,False,False,False,False,False,True,False,False
276,47,1000,1724.09,0,615712,2,19,0,0,23,3,0,0,65780.0,5980,11960,47840,3,2014,0,True,False,False,False,True,False,False,False,False,False,True,False,False,True,False,False,False,False,False,False,True,False,True,False,False,False,False,True,True,False,False,False,False,False,False,False,False,False,False,False,False,True,False,False
257,40,500,1379.93,0,608228,1,0,0,0,6,3,0,2,51810.0,9420,4710,37680,1,2002,1,True,False,True,False,True,False,False,False,True,False,False,False,False,False,False,False,False,False,False,False,False,True,False,False,False,False,True,False,True,False,False,False,False,False,True,False,False,False,False,False,False,False,False,True
78,31,1000,1554.64,0,457535,10,2,0,-27900,21,1,1,0,55660.0,5060,10120,40480,6,2009,1,True,False,True,False,True,False,False,False,False,False,True,False,False,True,False,False,False,True,False,True,False,False,False,False,False,False,True,False,False,False,False,False,False,True,False,False,False,False,False,True,True,False,True,False
129,28,1000,1377.94,0,442540,6,0,0,0,23,1,2,3,44640.0,9920,4960,29760,12,2005,0,False,True,False,True,True,False,False,False,False,True,False,True,False,False,False,False,False,True,False,False,False,True,False,False,False,True,False,False,True,False,False,False,False,False,False,False,False,False,False,True,False,False,False,False
283,46,2000,1313.33,0,455332,13,15,53500,-73600,3,3,1,3,77660.0,7060,14120,56480,9,2004,1,False,False,False,True,False,False,False,False,False,False,True,False,False,False,False,False,False,False,False,True,False,False,False,False,False,False,False,False,True,False,False,False,False,False,False,False,False,False,True,False,False,False,True,False
85,25,500,1259.02,0,439534,12,0,67000,-53600,8,1,2,2,5640.0,940,940,3760,9,2005,0,True,False,True,False,False,False,False,True,False,False,False,False,False,False,True,False,True,False,False,False,False,False,False,False,True,False,False,False,False,False,False,True,False,False,False,False,True,False,False,False,True,False,False,False
101,26,1000,1371.88,0,462420,9,15,0,0,4,1,2,2,3190.0,580,580,2030,11,1995,0,False,False,False,True,False,False,False,False,True,False,False,False,False,False,False,False,True,False,False,False,False,False,False,False,True,False,False,False,False,False,False,False,True,False,False,False,False,False,False,False,False,False,False,False
96,30,500,1399.27,0,448913,9,10,38900,-48700,22,1,0,0,53440.0,0,6680,46760,5,2004,0,False,True,False,False,True,True,False,False,False,False,False,False,False,False,False,True,False,True,False,False,False,True,False,True,False,True,False,False,False,False,False,False,False,False,False,False,False,False,False,False,False,False,False,True
121,31,1000,1061.98,0,440837,1,4,0,0,16,1,0,1,65250.0,7250,7250,50750,2,2002,0,False,False,False,True,False,False,False,True,False,False,False,False,False,False,True,False,False,True,False,False,True,False,True,False,False,False,False,True,False,False,False,False,False,True,False,True,False,False,False,False,True,False,False,True
176,39,500,1365.46,0,466634,1,17,0,-56600,14,3,2,1,44280.0,4920,4920,34440,3,2008,0,False,True,True,False,True,True,False,False,False,False,False,False,False,False,True,False,False,False,False,False,False,True,True,False,False,True,False,False,False,False,False,True,False,False,True,False,False,False,False,False,True,False,True,False
159,37,1000,894.4,0,446435,12,4,0,-53700,13,1,2,0,70290.0,7810,7810,54670,4,1999,0,False,False,False,True,True,False,False,False,False,False,False,False,False,False,False,True,False,True,False,False,True,False,False,True,False,False,False,True,True,False,False,False,False,False,False,False,False,False,False,True,False,True,True,False
120,30,500,956.69,0,438237,8,12,39600,-64300,20,1,1,1,87100.0,8710,8710,69680,10,2000,0,True,False,True,False,False,False,False,False,False,False,False,False,False,False,False,False,False,True,False,True,False,False,True,False,False,False,True,False,True,False,False,False,False,False,False,True,False,False,False,False,False,False,False,True
212,35,2000,1123.89,0,468313,8,18,35400,-49200,0,3,1,3,50380.0,4580,4580,41220,11,1996,0,True,False,False,True,True,False,False,False,True,False,False,False,False,False,True,False,False,False,False,True,False,False,False,True,False,True,False,False,True,False,False,False,False,False,True,False,False,False,False,False,False,False,False,False
290,45,500,1085.03,0,476303,11,6,0,-61000,23,3,2,2,64800.0,12960,6480,45360,1,2014,1,False,False,False,False,False,False,False,True,False,False,False,False,False,False,False,True,False,False,False,False,False,True,False,True,False,False,False,True,False,False,False,False,True,False,False,False,False,False,False,False,False,True,True,False
299,42,2000,1437.33,0,450339,2,12,25000,0,13,1,1,3,70400.0,12800,12800,44800,2,2000,0,False,True,False,False,False,False,False,False,False,False,False,False,False,False,False,True,False,True,False,False,True,False,True,False,False,False,True,False,False,False,False,True,False,False,True,False,False,False,False,False,False,True,True,False
66,26,1000,988.29,0,476502,1,16,0,0,8,1,2,2,57860.0,0,10520,47340,11,2008,1,False,False,True,False,True,True,False,False,False,False,False,False,False,True,False,False,False,True,False,False,True,False,False,False,False,False,False,True,True,False,False,False,False,False,False,False,True,False,False,False,False,False,False,True
334,47,500,1238.89,0,600561,10,17,0,0,3,1,0,3,6240.0,960,960,4320,5,2011,0,False,False,False,True,True,False,False,False,False,True,False,False,True,False,False,False,False,False,True,False,False,False,True,False,False,False,False,True,False,False,False,False,False,True,False,False,True,False,False,False,False,False,True,False
216,38,1000,1384.64,0,600754,12,2,0,0,16,1,2,3,66600.0,16650,11100,38850,7,2012,1,True,False,False,False,False,False,False,False,False,False,False,False,False,False,True,False,False,True,False,False,True,False,False,True,False,False,False,True,False,False,False,False,True,False,True,False,False,False,False,False,False,False,True,False
86,28,2000,1595.07,0,439304,13,10,75800,0,19,1,0,2,70920.0,11820,11820,47280,7,2002,0,True,False,False,False,True,False,False,False,False,False,True,False,False,False,True,False,False,True,False,False,False,True,True,False,False,False,False,True,False,False,False,False,True,False,False,True,False,False,False,False,False,True,False,True
429,56,1000,1127.89,0,460722,6,16,67400,-43800,0,1,2,0,39480.0,6580,6580,26320,11,2002,0,False,True,True,False,True,False,False,False,False,False,False,False,False,True,False,False,False,True,False,False,True,False,True,False,False,False,False,False,False,False,False,False,False,True,False,False,False,False,False,True,False,True,False,True
257,43,2000,929.7,0,618632,5,0,46400,-74300,12,1,2,2,63240.0,10540,5270,47430,8,2005,0,True,False,False,True,False,False,False,False,False,False,True,False,False,False,False,False,False,True,False,True,False,False,False,True,False,False,True,False,False,False,False,False,True,False,False,False,False,False,False,False,False,False,False,True
15,34,1000,1829.63,0,452204,12,6,56700,0,21,3,1,0,67650.0,12300,6150,49200,1,2009,0,False,False,False,False,True,False,False,True,False,False,False,True,False,False,False,False,False,False,False,False,False,True,False,True,False,False,True,False,False,False,False,True,False,False,False,False,False,False,False,False,False,True,False,False
230,39,1000,904.7,0,454530,2,3,68600,-22300,0,1,1,3,74200.0,14840,14840,44520,0,2002,1,False,False,False,False,False,False,False,False,True,False,False,False,False,False,True,False,False,True,False,True,False,False,False,False,False,True,False,False,False,False,False,True,False,False,False,False,False,False,True,False,False,False,True,False
250,43,1000,1243.84,0,474848,12,14,47900,-73400,22,1,1,3,64900.0,12980,12980,38940,13,2011,0,False,True,False,True,False,False,False,True,False,False,False,False,False,True,False,False,False,True,False,False,False,True,True,False,False,False,True,False,False,False,False,False,True,False,True,False,False,False,False,False,False,True,True,False
270,44,2000,1030.95,0,435985,6,13,47200,0,20,3,1,0,35900.0,7180,3590,25130,1,2007,1,False,False,False,True,False,False,False,False,False,False,False,False,True,False,False,False,False,False,False,False,True,False,False,False,False,False,False,False,False,False,False,False,False,False,False,False,True,False,False,False,False,False,True,False
65,26,500,1285.03,0,457942,2,4,0,-41500,0,1,1,3,52200.0,5220,10440,36540,6,2011,0,True,False,False,False,False,False,True,False,False,False,False,False,False,False,True,False,False,True,False,False,True,False,True,False,False,True,False,False,False,False,False,False,True,False,False,False,False,False,True,False,True,False,False,False
475,57,500,1216.56,0,436522,0,16,67400,-83200,20,1,0,2,78000.0,6500,13000,58500,11,2000,0,False,True,False,False,True,False,False,False,False,True,False,False,False,True,False,False,False,True,False,True,False,False,True,False,False,False,False,True,False,False,False,True,False,False,False,True,False,False,False,False,False,False,True,False
77,27,2000,966.26,0,471704,0,0,56400,-32800,1,3,0,0,67200.0,6720,6720,53760,13,1995,0,True,False,False,True,False,False,True,False,False,False,False,False,False,True,False,False,False,False,False,True,False,False,True,False,False,False,False,False,True,False,False,False,False,False,False,False,False,False,False,True,False,True,False,False
256,43,500,1203.17,0,455810,9,9,56700,-65600,11,1,0,0,63250.0,11500,5750,46000,9,1997,0,False,True,False,False,False,False,False,False,True,False,False,False,False,False,True,False,False,True,False,False,True,False,False,True,False,True,False,False,False,False,False,False,False,True,False,True,False,False,False,False,True,False,False,False
229,37,2000,1212.12,0,446544,2,13,65600,0,14,3,1,1,68760.0,11460,5730,51570,5,1995,0,False,False,True,False,False,False,False,False,True,False,False,True,False,False,False,False,False,False,False,False,False,True,False,False,False,False,True,False,False,False,False,False,False,True,True,False,False,False,False,False,False,True,False,True
110,28,1000,1573.93,0,461919,7,12,30400,0,20,3,0,2,65040.0,10840,10840,43360,11,2010,0,False,True,True,False,True,True,False,False,False,False,False,False,True,False,False,False,False,False,False,False,False,True,True,False,False,False,False,True,True,False,False,False,False,False,False,False,False,False,False,True,False,True,False,False
177,33,1000,1609.67,0,470128,0,19,0,-13200,22,1,1,3,82800.0,20700,13800,48300,7,2004,1,False,False,False,False,True,True,False,False,False,False,False,False,False,False,False,True,False,True,False,False,False,True,False,False,False,False,False,False,False,False,False,True,False,False,False,False,False,False,False,True,False,False,False,False
292,44,500,1097.57,0,462836,8,1,0,0,12,1,1,0,61700.0,6170,6170,49360,10,2005,0,False,True,False,True,True,False,False,False,False,False,True,False,False,False,True,False,False,True,False,False,False,True,False,True,False,False,True,False,False,False,False,True,False,False,True,False,False,False,False,False,True,False,False,True
451,61,2000,1618.65,0,475407,13,14,0,-42600,3,3,2,1,78100.0,15620,7810,54670,3,1997,1,True,False,True,False,False,False,False,False,False,False,False,False,False,False,True,False,False,False,False,False,True,False,False,False,False,False,False,False,False,True,False,False,False,False,True,False,False,False,False,False,False,True,False,True
61,24,500,922.67,0,473611,8,13,47400,0,15,3,2,1,65520.0,9360,9360,46800,12,2011,1,True,False,False,False,False,True,False,False,False,False,False,False,True,False,False,False,False,False,False,False,True,False,False,False,False,False,False,False,False,False,False,True,False,False,False,False,True,False,False,False,False,True,False,False
150,30,1000,1342.02,0,608425,9,14,0,0,8,1,0,2,4500.0,450,450,3600,10,1999,0,True,False,False,False,True,False,False,False,True,False,False,False,False,True,False,False,True,False,False,False,False,False,False,False,True,False,False,False,False,False,False,False,True,False,False,False,False,False,False,False,False,True,True,False
283,41,500,1195.01,0,476227,11,15,60700,-54300,13,3,0,2,42700.0,0,6100,36600,8,2011,1,False,True,False,False,False,False,False,False,False,False,False,False,False,True,False,False,False,False,False,False,False,True,False,False,False,False,True,False,False,False,False,False,False,True,False,False,True,False,False,False,True,False,False,False
291,46,1000,994.74,0,452701,0,14,0,-55300,8,1,2,2,5580.0,620,620,4340,13,2005,1,False,True,False,True,False,False,True,False,False,False,False,False,False,True,False,False,True,False,False,False,False,False,True,False,False,False,False,True,False,False,False,True,False,False,False,True,False,False,False,False,True,False,False,True
162,31,1000,1050.24,0,456789,0,5,30700,0,7,1,0,0,3600.0,360,720,2520,2,2013,1,True,False,False,False,False,False,False,False,False,True,False,False,False,False,False,True,True,False,False,False,False,False,True,False,False,False,False,True,False,False,False,False,False,False,False,False,False,False,False,False,False,False,True,False
154,36,2000,1313.51,0,600904,3,7,68500,0,9,1,2,0,2800.0,280,280,2240,13,2015,0,False,False,True,False,False,False,False,False,False,True,False,False,False,True,False,False,False,False,True,False,False,False,False,False,True,False,False,True,False,False,False,True,False,False,False,False,False,True,False,False,False,False,False,False
289,47,2000,1102.29,0,450889,0,10,73000,-37900,15,1,1,0,54000.0,6000,6000,42000,12,1996,0,False,True,False,True,False,False,False,False,False,False,False,False,False,True,False,False,False,True,False,True,False,False,True,False,False,False,False,False,False,False,False,False,True,False,False,False,True,False,False,False,True,False,False,True
10,19,1000,1185.78,0,478837,2,19,0,-60700,5,1,0,2,48950.0,4450,8900,35600,0,2011,1,True,False,True,False,False,False,False,True,False,False,False,False,False,False,False,True,False,True,False,False,False,True,True,False,False,False,False,True,False,False,False,False,False,False,False,False,True,False,False,False,False,False,False,False
309,47,500,1527.95,0,611322,3,10,69400,0,15,4,0,1,77800.0,15560,15560,46680,4,2002,0,False,False,False,True,True,False,False,False,False,False,True,False,True,False,False,False,False,False,False,False,True,False,False,False,False,False,True,False,False,False,False,False,False,True,False,False,True,False,False,False,False,True,False,False
396,57,1000,1366.39,0,438180,10,8,0,-22400,22,3,2,1,52560.0,11680,5840,35040,10,1995,0,True,False,False,False,True,False,True,False,False,False,False,False,True,False,False,False,False,False,False,True,False,False,False,False,False,False,True,False,False,False,False,False,False,False,True,False,False,False,False,False,False,True,True,False
273,41,1000,1403.9,0,449793,4,7,0,0,16,2,1,2,44110.0,4010,8020,32080,6,2015,0,False,True,False,True,False,False,False,False,False,False,True,False,False,True,False,False,False,False,False,False,False,True,False,True,False,False,False,True,False,False,False,False,True,False,False,False,False,False,True,False,False,False,False,True
129,30,2000,927.23,0,450730,11,18,51500,0,7,1,1,3,74360.0,13520,6760,54080,11,2009,0,False,False,False,True,False,False,False,False,False,False,True,False,False,False,False,False,False,True,False,True,False,False,False,True,False,False,True,False,False,False,False,True,False,False,False,True,False,False,False,False,True,False,False,False
140,31,2000,1554.86,0,608758,1,0,59000,0,2,1,1,2,6120.0,680,680,4760,6,2002,1,False,True,True,False,False,False,False,True,False,False,False,False,False,False,False,True,True,False,False,False,False,False,True,False,False,False,True,False,False,False,False,False,False,True,False,False,False,False,False,False,False,True,False,False
419,53,2000,736.07,0,445339,13,5,45700,0,17,4,0,0,62280.0,5190,10380,46710,11,2012,0,False,False,False,True,True,True,False,False,False,False,False,False,False,False,True,False,False,False,False,False,False,True,True,False,False,False,False,True,False,False,False,True,False,False,False,False,True,False,False,False,False,False,False,True
315,44,1000,974.16,0,438328,11,15,0,-56800,12,3,1,0,26730.0,4860,4860,17010,13,2006,0,False,False,True,False,False,False,False,False,False,True,False,False,True,False,False,False,False,False,False,True,False,False,False,True,False,False,True,False,True,False,False,False,False,False,False,False,False,False,False,True,False,False,False,True
72,29,500,973.8,0,479913,2,8,0,-85900,9,1,1,0,66200.0,6620,6620,52960,4,2013,0,False,True,False,True,False,False,False,False,False,False,False,False,False,True,False,False,False,True,False,False,True,False,False,False,False,False,False,False,False,False,False,False,False,True,False,False,False,False,False,False,False,False,True,False
32,26,2000,1260.32,0,460760,7,14,0,-79800,16,1,1,2,45500.0,9100,4550,31850,12,2009,0,False,True,False,False,True,False,False,True,False,False,False,True,False,False,False,False,False,True,False,False,False,True,False,True,False,True,False,False,False,False,False,False,True,False,False,False,False,True,False,False,False,False,False,False
230,41,1000,1464.03,0,444797,13,17,0,0,19,3,2,0,53040.0,4420,4420,44200,1,2006,0,True,False,False,False,True,False,False,True,False,False,False,False,False,True,False,False,False,False,False,False,False,True,True,False,False,False,False,False,True,False,False,False,False,False,False,False,False,False,False,True,False,False,False,False
157,32,2000,617.11,0,436711,7,15,0,-54100,14,3,1,2,50800.0,10160,5080,35560,8,2013,1,False,True,False,False,True,True,False,False,False,False,False,False,True,False,False,False,False,False,False,True,False,False,False,False,False,False,True,False,False,False,False,False,True,False,True,False,False,False,False,False,False,False,True,False
265,41,2000,1724.46,0,432491,2,17,81800,0,18,3,1,3,44200.0,4420,4420,35360,1,2014,0,True,False,True,False,False,False,False,False,False,False,False,False,False,True,False,False,False,False,False,False,False,True,False,True,False,False,False,True,False,False,False,True,False,False,False,False,True,False,False,False,False,False,False,False
47,34,500,1161.31,0,617527,3,0,64800,-24300,23,1,1,3,62920.0,11440,5720,45760,3,2012,0,False,False,False,True,False,False,False,False,False,False,True,False,True,False,False,False,False,True,False,True,False,False,True,False,False,False,False,True,False,False,False,True,False,False,False,False,False,False,False,True,False,True,False,False
113,29,2000,1091.73,0,601213,3,9,36100,-42300,15,3,0,2,49950.0,5550,5550,38850,9,2004,1,False,True,True,False,True,False,False,False,False,False,True,True,False,False,False,False,False,False,False,False,True,False,True,False,False,False,True,False,True,False,False,False,False,False,False,False,False,False,False,True,False,False,False,True
289,46,2000,1209.07,0,604138,1,5,0,0,18,1,0,1,56430.0,6270,6270,43890,2,1995,1,False,False,True,False,True,False,False,True,False,False,False,False,False,False,True,False,False,True,False,False,True,False,True,False,False,False,False,False,False,False,False,False,False,False,False,False,False,False,False,False,False,True,False,True
254,41,2000,1241.04,0,431361,10,2,0,0,16,1,2,2,100210.0,18220,18220,63770,1,2014,0,False,False,True,False,False,False,False,False,False,True,False,False,False,True,False,False,False,True,False,True,False,False,True,False,False,False,False,True,True,False,False,False,False,False,False,False,False,False,True,False,True,False,False,True
115,30,500,1757.21,0,477695,9,0,46400,0,12,3,1,0,49140.0,5460,5460,38220,5,2007,0,False,True,False,True,True,False,True,False,False,False,False,False,False,False,False,True,False,False,False,True,False,False,True,False,False,True,False,False,True,False,False,False,False,False,False,False,True,False,False,False,True,False,False,True
236,38,1000,802.24,0,612597,7,13,0,-62500,16,1,0,1,66840.0,16710,5570,44560,8,2014,0,False,True,True,False,False,True,False,False,False,False,False,True,False,False,False,False,False,True,False,False,False,True,False,False,False,False,False,False,False,False,False,False,False,True,False,False,False,True,False,False,True,False,False,False
7,21,1000,1342.72,0,445638,6,4,0,-45300,21,1,1,2,62460.0,6940,6940,48580,6,2003,0,True,False,False,True,True,False,False,False,False,False,False,False,False,False,False,True,False,True,False,True,False,False,False,True,False,False,True,False,True,False,False,False,False,False,False,True,False,False,False,False,False,False,False,False
208,36,2000,1209.41,0,476185,6,0,0,0,15,3,0,1,62810.0,11420,11420,39970,9,1999,0,False,True,False,False,True,False,False,True,False,False,False,False,False,False,False,True,False,False,False,False,False,True,False,True,False,False,True,False,True,False,False,False,False,False,True,False,False,False,False,False,False,True,False,False
126,33,1000,1141.71,0,435995,8,17,36700,-73400,21,1,1,2,54160.0,6770,6770,40620,11,2009,0,False,True,False,True,False,False,False,True,False,False,False,False,False,True,False,False,False,True,False,True,False,False,False,False,False,False,False,False,False,False,False,False,False,True,False,False,False,True,False,False,False,True,False,False
48,35,500,1090.03,0,430232,3,9,0,-51000,1,1,0,2,48400.0,9680,4840,33880,10,2005,0,False,False,False,False,False,False,False,True,False,False,False,False,False,False,True,False,False,True,False,False,True,False,False,False,False,False,False,False,False,False,False,False,False,True,False,False,False,False,False,False,False,True,True,False
297,48,1000,1464.73,0,443861,3,9,54900,-36700,17,3,0,0,51480.0,5720,5720,40040,12,2013,0,True,False,True,False,True,False,False,False,False,False,True,False,True,False,False,False,False,False,False,False,False,True,False,True,False,True,False,False,True,False,False,False,False,False,False,False,False,False,False,False,False,False,True,False
160,36,1000,1118.58,0,460801,9,2,0,-36600,5,3,2,1,51700.0,5170,10340,36190,10,2003,0,False,True,False,False,False,False,True,False,False,False,False,False,False,False,False,False,False,False,False,False,True,False,False,True,False,True,False,False,True,False,False,False,False,False,True,False,False,False,False,False,True,False,True,False
406,58,2000,1117.04,0,605121,3,18,0,-42700,15,3,1,2,65520.0,10920,5460,49140,13,2009,0,False,True,True,False,True,False,False,False,True,False,False,False,False,True,False,False,False,False,False,True,False,False,False,True,False,False,True,False,False,False,False,False,False,True,False,False,True,False,False,False,False,False,False,False
157,31,500,1257.83,0,458622,4,15,40700,-41600,2,4,2,2,47700.0,4770,9540,33390,0,2011,1,True,False,False,True,True,False,True,False,False,False,False,False,False,True,False,False,False,False,False,False,True,False,False,False,False,False,True,False,False,True,False,False,False,False,False,False,False,False,False,False,True,False,True,False
146,31,2000,1082.72,0,478661,6,18,61400,-57500,3,1,2,0,5220.0,580,580,4060,0,2015,0,False,True,True,False,False,False,False,False,False,False,True,True,False,False,False,False,False,False,True,False,False,False,True,False,False,False,True,False,False,False,False,True,False,False,False,False,True,False,False,False,False,True,True,False
409,57,1000,1191.8,0,435299,10,8,55600,0,19,1,1,0,73320.0,6110,12220,54990,5,2012,0,True,False,False,False,True,False,True,False,False,False,False,False,False,False,True,False,False,True,False,False,False,True,False,False,False,False,True,False,True,False,False,False,False,False,False,False,False,False,True,False,True,False,False,False
252,46,1000,1242.02,0,601961,0,7,0,-28800,17,1,0,2,74900.0,14980,7490,52430,7,2003,0,True,False,False,False,True,False,False,False,False,True,False,False,False,False,False,True,False,True,False,True,False,False,True,False,False,True,False,False,False,False,False,False,True,False,False,True,False,False,False,False,False,True,False,True
6,27,500,1075.71,0,604328,9,7,0,-47400,7,1,0,1,3190.0,580,290,2320,10,2015,0,False,True,True,False,False,False,True,False,False,False,False,False,False,False,True,False,False,False,True,False,False,False,False,False,True,False,False,True,False,False,False,False,False,True,True,False,False,False,False,False,False,False,False,True
103,33,1000,969.88,0,614385,1,8,0,0,21,1,1,0,76920.0,12820,6410,57690,3,2002,0,True,False,False,False,True,False,False,False,True,False,False,False,False,True,False,False,False,True,False,False,True,False,True,False,False,False,False,False,True,False,False,False,False,False,True,False,False,False,False,False,True,False,False,True
369,53,2000,1459.93,0,438584,8,18,0,0,10,2,1,3,77990.0,7090,14180,56720,7,2012,0,False,True,True,False,False,False,False,False,False,True,False,True,False,False,False,False,False,False,False,True,False,False,False,True,False,False,False,True,False,False,False,False,False,True,False,False,False,False,False,True,False,True,True,False
261,46,1000,1245.61,0,478703,13,0,0,0,11,1,1,0,59670.0,9180,9180,41310,5,2008,0,False,False,False,True,True,False,False,False,True,False,False,False,False,True,False,False,False,True,False,True,False,False,False,True,False,True,False,False,True,False,False,False,False,False,True,False,False,False,False,False,False,True,False,False
159,33,2000,1462.76,0,615683,2,16,69200,-36900,23,3,2,0,44880.0,8160,4080,32640,8,2004,1,True,False,False,False,False,True,False,False,False,False,False,False,False,False,False,False,False,False,False,False,True,False,False,False,False,False,False,False,True,False,False,False,False,False,True,False,False,False,False,False,False,True,True,False
344,51,2000,1398.46,0,455672,11,16,0,0,14,1,0,2,82830.0,7530,15060,60240,1,2004,0,True,False,False,False,True,False,False,False,False,False,False,False,True,False,False,False,False,True,False,False,False,True,True,False,False,False,False,False,False,False,False,False,False,False,False,False,True,False,False,False,False,False,True,False
437,60,1000,1269.64,0,602942,1,6,48800,0,10,1,1,3,84480.0,7680,15360,61440,3,2012,1,False,True,False,True,False,True,False,False,False,False,False,False,False,False,True,False,False,True,False,True,False,False,True,False,False,False,True,False,False,False,False,True,False,False,False,False,False,False,True,False,True,False,True,False
65,30,500,1455.65,0,616706,13,16,0,-66300,6,3,2,3,79800.0,15960,7980,55860,6,1999,0,True,False,False,False,False,True,False,False,False,False,False,False,False,False,False,True,False,False,False,False,False,True,False,True,False,True,False,False,False,False,False,False,False,True,False,True,False,False,False,False,False,False,True,False
280,41,2000,1140.31,0,473243,0,8,29300,-64700,10,3,0,3,53020.0,9640,9640,33740,12,1999,0,False,True,False,True,True,False,False,False,True,False,False,False,False,False,False,False,False,False,False,False,True,False,True,False,False,False,False,True,False,False,False,False,False,True,False,False,False,False,False,False,False,False,False,True
269,45,500,1330.46,0,435552,6,17,54800,-64100,5,3,0,0,24200.0,2200,4400,17600,11,2008,0,True,False,False,True,False,False,True,False,False,False,False,False,False,False,False,True,False,False,False,False,False,True,False,True,False,False,False,True,False,False,False,False,True,False,False,True,False,False,False,False,False,False,True,False
275,40,2000,1190.6,0,434206,3,4,0,-45300,17,1,1,3,43230.0,7860,7860,27510,3,2001,0,False,True,True,False,True,False,False,False,False,True,False,False,False,False,True,False,False,True,False,False,True,False,True,False,False,True,False,False,False,True,False,False,False,False,False,False,False,False,True,False,False,False,False,True
265,45,500,972.5,0,469895,3,6,0,0,3,1,2,3,3190.0,290,580,2320,5,1995,0,False,True,True,False,False,True,False,False,False,False,False,False,False,False,True,False,False,False,True,False,False,False,False,False,True,True,False,False,False,False,False,False,False,False,False,False,False,False,False,True,True,False,True,False
283,43,2000,1161.91,0,457722,0,14,0,-50400,9,1,0,3,5850.0,1300,650,3900,2,2006,0,True,False,False,False,False,False,False,False,False,False,False,True,False,False,False,False,True,False,False,False,False,False,True,False,False,True,False,False,False,False,False,False,False,True,False,False,False,True,False,False,False,False,True,False
84,29,1000,1117.17,0,473645,6,18,0,-29900,6,1,2,0,6820.0,620,1240,4960,2,2005,0,False,True,True,False,False,False,True,False,False,False,False,True,False,False,False,False,True,False,False,False,False,False,False,False,True,False,False,True,False,False,False,True,False,False,False,False,False,False,False,False,False,True,False,True
247,44,2000,1101.51,0,619108,4,4,64000,0,22,3,2,2,69480.0,11580,11580,46320,3,2008,0,False,True,True,False,False,True,False,False,False,False,False,True,False,False,False,False,False,False,False,True,False,False,True,False,False,True,False,False,True,False,False,False,False,False,False,False,False,False,True,False,True,False,True,False
56,29,1000,1523.17,0,610479,9,12,0,0,10,3,1,2,94560.0,7880,15760,70920,7,1995,0,False,False,False,False,True,False,False,False,False,True,False,False,False,True,False,False,False,False,False,True,False,False,False,False,False,True,False,False,False,False,True,False,False,False,False,False,True,False,False,False,False,False,False,True
210,39,1000,984.45,0,474998,1,13,0,0,4,1,1,2,7800.0,780,780,6240,4,1997,0,False,True,False,True,True,False,False,False,False,False,False,False,False,False,True,False,False,False,True,False,False,False,True,False,False,True,False,False,False,False,False,False,False,False,False,False,False,False,True,False,False,True,False,False
108,32,2000,1257.0,0,616341,6,1,63900,-43700,23,1,1,3,61270.0,5570,11140,44560,11,1999,0,False,True,False,True,False,False,True,False,False,False,False,False,False,False,True,False,False,True,False,True,False,False,False,True,False,False,True,False,False,False,False,False,False,True,False,False,False,True,False,False,True,False,True,False
328,49,500,1434.51,0,460535,13,3,0,0,19,1,0,2,71440.0,8930,8930,53580,8,2005,0,False,True,False,True,False,False,False,False,False,True,False,False,False,False,False,True,False,True,False,False,True,False,False,True,False,False,False,True,True,False,False,False,False,False,False,False,False,False,True,False,False,False,False,True
186,37,2000,1628.0,0,606487,8,8,0,0,22,1,1,2,55600.0,11120,5560,38920,7,2009,0,False,True,True,False,False,False,False,True,False,False,False,False,False,False,True,False,False,True,False,False,True,False,False,True,False,False,False,False,True,False,False,False,False,False,False,True,False,False,False,False,False,True,False,True
277,44,500,1412.31,0,620737,8,2,0,0,6,1,1,3,5000.0,1000,500,3500,7,2005,0,True,False,False,True,True,False,True,False,False,False,False,False,False,False,True,False,False,False,True,False,False,False,False,False,True,False,False,True,False,False,False,False,False,False,False,False,False,False,True,False,True,False,True,False
138,33,500,1362.87,0,445904,3,13,56900,-56900,6,1,2,0,95810.0,14740,14740,66330,2,2007,0,False,False,True,False,False,False,False,True,False,False,False,False,False,True,False,False,False,True,False,False,False,True,True,False,False,False,True,False,True,False,False,False,False,False,False,False,False,False,False,True,True,False,False,False
208,41,1000,1134.68,0,464145,12,5,0,0,18,1,2,2,69300.0,6930,13860,48510,13,1996,0,True,False,False,False,False,True,False,False,False,False,False,False,False,False,False,False,False,True,False,False,True,False,False,False,False,False,False,False,False,False,False,True,False,False,False,False,True,False,False,False,True,False,False,False
147,37,1000,1306.78,0,466818,9,18,0,0,22,1,1,0,81120.0,13520,20280,47320,12,1995,0,True,False,True,False,True,False,False,False,True,False,False,False,True,False,False,False,False,True,False,True,False,False,False,True,False,False,False,False,False,False,False,True,False,False,False,False,True,False,False,False,False,False,True,False
8,21,500,1021.9,0,464237,5,10,0,0,21,1,0,0,91260.0,14040,14040,63180,12,2012,0,True,False,False,True,True,False,True,False,False,False,False,False,False,False,False,False,False,True,False,True,False,False,False,False,False,False,True,False,False,False,False,False,False,True,True,False,False,False,False,False,False,False,False,False
297,48,1000,1538.6,0,618455,7,11,0,-54700,12,1,0,0,60600.0,6060,12120,42420,5,2004,0,True,False,False,False,False,False,False,False,True,False,False,False,False,False,False,True,False,True,False,False,False,True,True,False,False,True,False,False,False,False,False,True,False,False,False,False,True,False,False,False,False,False,False,False
150,31,1000,1354.5,0,456602,6,0,52800,0,6,3,0,3,64800.0,6480,12960,45360,11,2000,1,True,False,False,True,True,False,False,False,False,True,False,False,False,False,False,False,False,False,False,True,False,False,False,False,False,False,False,False,True,False,False,False,False,False,False,False,False,False,False,False,False,False,False,True
4,34,500,1282.93,0,616126,3,1,0,0,0,4,0,0,66880.0,6080,12160,48640,3,1996,1,False,True,False,True,False,True,False,False,False,False,False,False,True,False,False,False,False,False,False,False,False,True,False,False,False,False,False,True,False,False,False,False,False,True,False,False,False,True,False,False,False,False,False,False
210,35,1000,1346.27,0,468508,4,6,44900,-91400,11,1,0,2,58200.0,5820,5820,46560,2,2013,0,False,False,False,True,True,False,False,False,False,True,False,True,False,False,False,False,False,True,False,True,False,False,False,True,False,False,False,False,False,False,False,False,False,True,False,False,False,False,False,False,True,False,False,False
91,31,1000,1338.4,0,431937,8,14,63600,0,19,1,1,0,60570.0,6730,6730,47110,9,2011,0,True,False,False,False,False,False,True,False,False,False,False,False,False,True,False,False,False,True,False,False,False,True,True,False,False,False,False,True,False,False,False,False,False,False,False,True,False,False,False,False,False,False,True,False
167,36,1000,949.44,0,448603,3,4,0,-38400,22,3,0,0,69680.0,8710,8710,52260,8,2008,1,False,False,False,False,False,False,False,False,False,True,False,False,True,False,False,False,False,False,False,False,True,False,False,False,False,False,False,False,False,False,False,False,False,False,False,False,False,False,False,True,False,False,True,False
467,58,2000,977.4,0,444500,13,3,82200,0,2,1,2,3,55700.0,5570,11140,38990,9,2014,0,True,False,False,True,True,False,False,False,False,True,False,False,False,True,False,False,False,True,False,True,False,False,False,True,False,True,False,False,True,False,False,False,False,False,True,False,False,False,False,False,False,True,True,False
264,47,2000,1181.46,0,601117,13,17,0,-67400,16,4,1,2,62370.0,5670,5670,51030,4,2001,0,True,False,True,False,False,False,False,True,False,False,False,False,True,False,False,False,False,False,False,True,False,False,False,True,False,False,False,False,False,True,False,False,False,False,False,False,False,False,False,False,False,True,False,True
270,45,500,1187.53,0,615383,8,19,83200,-53300,23,3,0,0,54340.0,9880,0,44460,10,2005,0,False,True,False,True,False,False,False,False,False,False,True,True,False,False,False,False,False,False,False,False,False,True,False,True,False,False,True,False,False,False,False,False,True,False,True,False,False,False,False,False,False,False,False,True
310,48,1000,845.16,0,434342,8,0,0,0,21,1,1,0,55170.0,6130,6130,42910,1,2005,1,False,True,False,False,False,False,False,False,False,True,False,False,True,False,False,False,False,True,False,True,False,False,False,False,False,False,False,True,False,False,False,False,False,False,False,False,True,False,False,False,False,True,True,False
143,34,500,1442.27,0,435100,8,8,67900,0,10,1,2,3,58500.0,11700,5850,40950,4,1999,0,False,False,False,False,True,True,False,False,False,False,False,False,False,False,False,True,False,True,False,True,False,False,True,False,False,False,True,False,True,False,False,False,False,False,True,False,False,False,False,False,False,False,False,True
146,32,2000,1276.43,0,431278,8,16,0,0,12,1,0,3,59940.0,6660,6660,46620,6,1995,0,False,True,False,False,True,False,False,False,False,False,False,False,False,True,False,False,False,True,False,False,True,False,False,False,False,True,False,False,False,False,False,False,False,False,False,False,False,False,True,False,False,False,False,False
102,28,500,1075.41,0,445648,6,15,55200,0,6,1,1,0,73400.0,7340,7340,58720,4,1996,0,False,True,True,False,True,False,False,False,True,False,False,False,False,False,False,True,False,True,False,False,False,True,False,True,False,False,False,True,False,False,True,False,False,False,False,False,True,False,False,False,True,False,True,False
61,23,500,1111.72,0,448857,3,3,54600,0,6,1,1,2,41850.0,4650,4650,32550,11,1997,0,False,False,False,False,True,False,False,True,False,False,False,False,True,False,False,False,False,True,False,False,False,True,False,False,False,True,False,False,False,False,True,False,False,False,False,False,False,False,True,False,False,False,False,False
255,44,2000,814.96,0,435267,8,5,68500,0,7,1,2,2,6400.0,640,1280,4480,8,2005,1,False,True,False,True,False,False,False,False,False,False,True,True,False,False,False,False,True,False,False,False,False,False,False,False,True,False,False,True,False,False,False,False,False,False,False,True,False,False,False,False,False,False,True,False
211,40,1000,1575.86,0,461275,7,17,0,0,3,1,1,1,3190.0,580,290,2320,1,2004,0,False,False,False,True,False,False,False,False,False,False,True,False,False,True,False,False,False,False,True,False,False,False,False,False,True,False,False,True,False,False,False,False,False,True,False,False,False,True,False,False,True,False,True,False
61,29,1000,1115.27,0,613816,5,14,0,-66000,10,1,2,1,5900.0,590,590,4720,9,2010,0,True,False,True,False,True,False,False,True,False,False,False,False,False,False,True,False,True,False,False,False,False,False,False,False,True,False,False,True,False,False,False,False,True,False,False,True,False,False,False,False,False,True,False,True
108,31,2000,1175.7,0,608767,10,19,0,0,14,1,0,2,57330.0,6370,6370,44590,4,2006,0,True,False,False,True,True,False,False,False,False,True,False,True,False,False,False,False,False,True,False,False,True,False,False,True,False,True,False,False,True,False,False,False,False,False,True,False,False,False,False,False,True,False,True,False
303,50,500,793.15,0,620869,12,2,54600,-45500,17,3,0,3,81960.0,13660,13660,54640,4,2008,0,False,True,False,False,True,False,False,False,True,False,False,False,False,True,False,False,False,False,False,True,False,False,False,True,False,False,True,False,False,False,False,False,False,True,False,True,False,False,False,False,True,False,True,False
152,33,500,942.51,0,478981,13,8,0,0,16,1,0,0,70400.0,6400,19200,44800,11,2001,1,True,False,True,False,False,False,False,False,False,False,True,False,False,False,False,True,False,True,False,False,False,True,False,False,False,True,False,False,False,False,False,True,False,False,False,True,False,False,False,False,False,True,False,False
120,34,1000,1056.71,0,464630,10,13,77900,0,3,1,2,1,3770.0,580,580,2610,7,2002,0,True,False,False,True,False,False,False,True,False,False,False,True,False,False,False,False,True,False,False,False,False,False,True,False,False,True,False,False,False,False,False,False,True,False,True,False,False,False,False,False,True,False,False,False
144,36,2000,1255.68,0,466303,11,15,23600,-15600,7,1,0,0,7400.0,740,1480,5180,4,2014,0,True,False,False,True,False,False,False,False,False,False,False,False,True,False,False,False,True,False,False,False,False,False,True,False,False,True,False,False,False,False,False,False,False,False,False,False,False,False,False,False,True,False,False,False
414,52,500,1335.13,0,452647,4,5,44000,-71000,13,1,1,1,54810.0,6090,6090,42630,3,1999,1,True,False,False,True,False,False,True,False,False,False,False,False,False,False,True,False,False,True,False,False,True,False,False,True,False,False,False,True,False,False,False,True,False,False,False,False,True,False,False,False,False,True,False,False
163,37,500,1178.95,0,441370,8,7,0,-67300,20,1,2,3,49400.0,4940,9880,34580,7,2005,0,True,False,True,False,False,False,False,True,False,False,False,False,False,True,False,False,False,True,False,False,True,False,False,True,False,True,False,False,True,False,False,False,False,False,False,False,False,False,False,True,False,True,False,True
352,53,500,1793.16,0,619166,12,8,0,0,23,1,2,2,68750.0,12500,6250,50000,3,2009,0,False,False,True,False,True,False,False,False,False,False,False,False,False,False,False,True,False,True,False,True,False,False,True,False,False,True,False,False,False,False,False,False,False,False,False,False,False,False,True,False,False,True,True,False
27,32,500,1008.38,0,472803,0,19,37900,0,11,1,1,0,61500.0,12300,6150,43050,4,2013,0,False,True,False,False,False,False,False,False,False,False,True,False,True,False,False,False,False,True,False,True,False,False,False,True,False,False,False,False,False,False,False,True,False,False,False,False,False,False,False,False,True,False,False,False
239,39,500,1396.83,0,442308,7,15,0,0,0,4,0,3,76890.0,6990,13980,55920,2,2007,0,False,False,False,False,False,False,False,False,False,True,False,False,False,False,False,False,False,False,False,False,True,False,False,False,False,False,False,False,False,False,False,False,False,True,False,False,True,False,False,False,False,False,True,False
33,32,500,1402.78,0,469383,7,0,70300,-50300,2,1,0,1,56070.0,6230,12460,37380,12,2012,0,False,True,False,False,False,False,False,False,False,False,True,False,False,False,False,False,False,True,False,False,True,False,True,False,False,False,False,False,True,False,False,False,False,False,False,False,False,True,False,False,False,True,False,False
88,30,1000,1437.88,0,614383,13,15,42800,-51200,3,1,2,0,56000.0,14000,0,42000,3,2003,0,True,False,False,False,False,True,False,False,False,False,False,False,False,False,False,False,False,True,False,False,False,True,False,True,False,True,False,False,False,False,False,True,False,False,False,False,False,True,False,False,True,False,False,True
101,33,1000,1313.64,0,438617,8,2,12100,0,3,1,1,0,4290.0,780,390,3120,1,1997,0,False,False,False,True,False,True,False,False,False,False,False,False,False,False,True,False,True,False,False,False,False,False,False,False,True,True,False,False,True,False,False,False,False,False,False,True,False,False,False,False,False,True,True,False
20,37,500,1482.14,0,613936,13,15,33000,-43600,15,3,2,1,60750.0,6750,6750,47250,11,2003,0,False,False,True,False,False,False,False,False,False,False,False,False,False,False,False,False,False,False,False,False,True,False,False,True,False,False,True,False,True,False,False,False,False,False,False,False,False,False,False,False,False,False,True,False
126,30,2000,1171.75,0,472163,6,2,46500,-42700,23,1,2,3,48730.0,4430,4430,39870,3,2011,0,False,False,True,False,False,False,False,False,False,False,False,True,False,False,False,False,False,True,False,False,False,True,True,False,False,False,True,False,True,False,False,False,False,False,False,False,True,False,False,False,False,False,True,False
264,43,2000,1353.33,0,447458,0,18,0,-8500,9,3,2,0,95150.0,17300,17300,60550,5,2007,0,False,False,False,True,True,False,False,False,False,False,False,True,False,False,False,False,False,False,False,True,False,False,True,False,False,False,False,True,False,False,False,False,False,True,False,False,False,False,False,True,False,True,True,False
78,24,500,1175.51,0,474792,2,19,0,0,20,1,0,1,7480.0,680,680,6120,4,2003,0,True,False,False,False,True,False,False,False,False,True,False,False,False,False,False,False,False,False,True,False,False,False,True,False,False,False,False,True,True,False,False,False,False,False,True,False,False,False,False,False,False,False,False,True
123,28,2000,1836.02,0,470559,13,12,38000,-41200,5,1,2,1,79800.0,13300,6650,59850,13,2011,1,False,False,False,False,True,False,False,False,False,True,False,False,False,True,False,False,False,True,False,False,False,True,False,False,False,False,False,False,False,False,False,False,False,False,False,False,False,False,True,False,False,False,False,True
347,51,500,1480.79,0,432399,8,2,0,-12100,15,1,0,2,103560.0,8630,17260,77670,7,1997,0,False,True,False,True,False,False,False,False,True,False,False,False,False,False,True,False,False,True,False,False,False,True,False,True,False,False,True,False,False,False,False,False,False,False,False,True,False,False,False,False,False,True,False,False
163,38,2000,1453.92,0,607605,7,19,51700,0,13,1,2,3,79500.0,15900,7950,55650,0,1995,0,True,False,False,True,False,False,False,False,False,False,True,False,True,False,False,False,False,True,False,False,False,True,True,False,False,False,False,False,True,False,False,False,False,False,False,True,False,False,False,False,False,True,False,False
271,44,500,1340.71,0,600153,12,0,0,0,16,1,2,2,76230.0,6930,13860,55440,13,1997,1,False,True,True,False,False,False,True,False,False,False,False,False,True,False,False,False,False,True,False,False,True,False,True,False,False,False,True,False,False,False,False,True,False,False,False,False,False,False,True,False,True,False,True,False
410,54,2000,714.03,0,465979,10,2,0,-17000,0,1,0,2,59520.0,9920,9920,39680,6,2001,0,False,False,False,False,True,False,False,False,True,False,False,False,False,True,False,False,False,True,False,False,False,True,True,False,False,False,False,False,False,False,False,False,False,True,False,False,True,False,False,False,False,True,True,False
448,57,2000,1376.16,0,466555,12,10,38600,-50300,10,3,2,1,47760.0,5970,5970,35820,11,2013,1,False,False,False,False,False,False,False,False,False,False,True,False,False,True,False,False,False,False,False,True,False,False,False,False,False,False,False,True,False,False,False,True,False,False,False,False,False,False,False,False,True,False,False,False
218,41,500,914.22,0,444155,9,9,37900,-72900,14,3,2,0,84590.0,15380,7690,61520,10,2013,0,False,False,False,False,True,False,False,True,False,False,False,False,False,False,False,True,False,False,False,False,False,True,False,True,False,False,False,True,True,False,False,False,False,False,False,False,False,False,False,True,True,False,True,False
43,38,1000,1601.47,0,465764,5,16,64400,0,1,3,2,2,61650.0,6850,6850,47950,9,2006,0,False,True,False,True,True,False,False,False,False,False,True,False,True,False,False,False,False,False,False,True,False,False,False,True,False,False,True,False,False,False,False,True,False,False,True,False,False,False,False,False,False,True,False,False
33,33,1000,1096.79,0,446898,5,7,45500,-60600,16,1,2,1,81400.0,8140,8140,65120,2,1998,0,False,False,False,True,False,False,False,False,False,False,False,False,False,False,True,False,False,True,False,False,True,False,False,False,False,False,False,True,False,False,False,False,True,False,False,False,False,False,False,True,False,False,False,False
126,34,2000,1078.22,0,453274,13,4,54500,0,2,3,0,1,58410.0,10620,5310,42480,3,2007,0,True,False,False,False,False,False,False,False,False,True,False,False,False,False,False,True,False,False,False,False,False,True,False,False,False,True,False,False,False,False,False,True,False,False,False,False,True,False,False,False,True,False,False,True
411,56,1000,1595.28,0,479320,10,8,0,0,23,3,0,0,38610.0,3510,3510,31590,13,2007,0,False,False,True,False,False,True,False,False,False,False,False,False,True,False,False,False,False,False,False,False,False,True,False,False,False,False,False,False,False,False,False,False,True,False,False,False,False,False,False,True,False,False,False,False
225,37,1000,1217.84,0,443462,4,19,49600,0,19,3,2,2,57600.0,9600,9600,38400,13,2015,0,False,True,False,False,False,False,True,False,False,False,False,True,False,False,False,False,False,False,False,True,False,False,True,False,False,True,False,False,False,False,False,False,False,True,False,False,False,True,False,False,False,False,True,False
35,35,2000,1117.42,0,446158,10,11,0,-51900,23,3,2,2,53190.0,5910,11820,35460,13,1996,0,False,False,False,False,False,False,False,False,False,False,True,True,False,False,False,False,False,False,False,False,False,True,True,False,False,True,False,False,False,False,False,False,False,False,False,True,False,False,False,False,True,False,True,False
460,57,2000,1567.37,0,602514,2,16,62500,0,10,1,2,3,58300.0,5830,11660,40810,9,2014,1,False,True,False,False,False,False,False,True,False,False,False,False,False,False,False,False,False,True,False,True,False,False,False,False,False,False,True,False,True,False,False,False,False,False,False,False,False,False,True,False,False,False,True,False
195,38,2000,1294.93,0,477356,12,18,38000,-50300,12,3,1,2,64620.0,7180,0,57440,4,2003,0,False,False,False,True,True,False,False,False,True,False,False,False,False,False,True,False,False,False,False,True,False,False,True,False,False,False,False,False,False,False,False,False,False,True,False,False,False,False,False,True,False,True,True,False
360,51,1000,1152.12,0,434669,1,10,0,-62400,15,3,2,0,90480.0,15080,15080,60320,2,2000,0,False,False,True,False,True,False,False,False,False,False,True,True,False,False,False,False,False,False,False,False,False,True,False,True,False,False,False,False,False,False,False,False,False,True,False,False,False,False,True,False,True,False,False,True
300,49,1000,1441.21,0,609322,4,11,0,0,3,1,1,0,7080.0,1180,1180,4720,9,2001,0,False,False,False,False,False,False,False,False,False,False,True,False,False,False,False,True,False,False,True,False,False,False,False,False,True,False,False,False,False,False,False,True,False,False,True,False,False,False,False,False,True,False,True,False
245,42,1000,1575.74,0,614265,3,5,0,-68900,19,1,2,2,6490.0,590,1180,4720,12,2011,1,False,False,False,True,True,False,False,True,False,False,False,False,True,False,False,False,True,False,False,False,False,False,True,False,False,False,False,True,False,False,True,False,False,False,False,False,False,False,False,True,False,False,False,False
146,36,2000,1233.96,0,606177,7,9,34500,-60600,16,3,1,1,55900.0,5590,5590,44720,9,2015,0,False,True,False,True,False,False,False,False,False,True,False,False,True,False,False,False,False,False,False,False,False,True,False,True,False,False,False,True,False,False,False,False,False,False,False,True,False,False,False,False,True,False,True,False
67,29,1000,1861.43,0,461514,0,14,60400,-67800,16,1,0,3,63800.0,6380,6380,51040,10,1998,1,False,False,True,False,True,False,True,False,False,False,False,False,False,False,False,False,False,True,False,False,True,False,False,False,False,False,True,False,False,False,False,True,False,False,True,False,False,False,False,False,True,False,False,True
380,56,1000,1570.86,0,454685,4,6,66000,0,10,1,0,1,58160.0,7270,7270,43620,10,1996,1,False,True,False,False,True,False,False,False,True,False,False,False,True,False,False,False,False,True,False,False,False,True,False,True,False,False,False,True,False,False,False,False,True,False,False,False,True,False,False,False,False,False,False,True
389,53,2000,791.47,0,477260,1,5,0,0,6,1,1,2,6300.0,630,1260,4410,8,2001,1,False,False,False,True,True,False,False,False,False,True,False,False,False,False,True,False,False,False,True,False,False,False,True,False,False,False,False,True,False,False,False,False,False,False,False,False,False,False,True,False,True,False,True,False
317,46,1000,1012.78,0,469126,11,19,43700,0,18,1,2,1,104610.0,19020,19020,66570,8,1999,1,True,False,True,False,True,False,False,False,True,False,False,False,True,False,False,False,False,True,False,True,False,False,False,False,False,True,False,False,False,False,False,False,False,True,False,False,False,False,False,False,True,False,True,False
264,44,500,1047.06,0,443402,3,17,0,0,20,3,0,2,69850.0,12700,6350,50800,5,1999,0,False,False,False,False,True,True,False,False,False,False,False,False,False,False,False,True,False,False,False,False,True,False,False,False,False,True,False,False,False,False,False,True,False,False,False,False,False,False,False,True,True,False,True,False
20,21,1000,1390.29,0,479408,8,14,0,-41200,14,1,0,0,62900.0,12580,6290,44030,0,2006,0,False,True,True,False,False,False,False,False,False,True,False,False,True,False,False,False,False,True,False,False,True,False,True,False,False,True,False,False,False,False,True,False,False,False,False,False,False,True,False,False,True,False,False,False
116,30,500,951.46,0,467227,5,9,0,-35500,8,3,0,3,59670.0,6630,6630,46410,13,2004,1,True,False,False,True,True,False,False,True,False,False,False,True,False,False,False,False,False,False,False,True,False,False,False,False,False,False,True,False,False,False,False,False,False,True,False,False,False,False,True,False,True,False,False,False
222,40,1000,1226.78,0,468433,1,4,49600,-49200,17,2,2,0,81500.0,16300,8150,57050,2,2013,0,False,False,False,False,True,False,False,True,False,False,False,False,False,False,True,False,False,False,False,False,True,False,True,False,False,False,True,False,True,False,False,False,False,False,False,False,False,False,False,True,False,True,False,False
439,56,500,1280.9,0,604289,1,18,48900,-40900,9,1,2,0,50000.0,15000,5000,30000,7,2009,0,False,True,False,False,True,False,True,False,False,False,False,False,False,True,False,False,False,True,False,False,True,False,True,False,False,False,False,False,False,False,False,False,False,False,False,False,False,False,False,True,True,False,False,False
66,28,2000,1472.77,0,471366,0,8,0,-31700,0,1,2,1,48290.0,8780,8780,30730,9,1995,0,True,False,False,False,True,False,False,False,False,False,False,False,False,False,False,False,False,True,False,True,False,False,False,True,False,False,True,False,True,False,False,False,False,False,False,False,False,False,False,True,False,False,False,False
128,29,1000,1878.44,0,450746,7,9,0,-76000,2,1,0,0,59070.0,5370,5370,48330,3,2003,0,False,True,False,True,True,False,True,False,False,False,False,False,False,False,False,False,False,True,False,False,True,False,False,True,False,True,False,False,False,False,False,False,True,False,False,False,False,False,True,False,True,False,False,False
69,24,500,1418.5,0,614948,1,19,0,0,23,3,0,0,63300.0,12660,6330,44310,4,2012,0,True,False,False,True,False,False,True,False,False,False,False,False,True,False,False,False,False,False,False,False,True,False,True,False,False,False,False,True,True,False,False,False,False,False,False,False,False,False,False,True,False,False,True,False
294,46,500,1532.8,0,473935,9,8,0,0,8,1,0,3,65780.0,11960,11960,41860,8,2013,0,False,False,False,False,True,True,False,False,False,False,False,False,False,True,False,False,False,True,False,False,False,True,False,True,False,False,True,False,False,False,False,True,False,False,False,False,True,False,False,False,True,False,False,True
19,29,500,1304.35,0,617267,13,6,0,0,6,3,0,2,75400.0,11600,11600,52200,4,2005,1,False,True,True,False,True,False,False,True,False,False,False,True,False,False,False,False,False,False,False,True,False,False,False,True,False,False,False,False,True,False,False,False,False,False,True,False,False,False,False,False,True,False,False,False
191,33,2000,1551.61,0,470670,1,12,45000,-30400,3,1,1,1,2250.0,250,250,1750,12,2005,0,False,True,False,True,True,False,True,False,False,False,False,False,False,False,True,False,False,False,True,False,False,False,True,False,False,False,False,False,False,False,False,False,False,True,False,False,False,False,False,False,False,True,True,False
4,39,1000,1326.98,0,450368,6,15,64200,0,14,3,1,3,54120.0,4510,9020,40590,7,2007,0,False,False,False,False,False,False,True,False,False,False,False,False,False,False,True,False,False,False,False,True,False,False,True,False,False,False,False,False,False,False,False,False,True,False,False,False,True,False,False,False,False,True,False,False
298,49,500,862.92,0,448809,6,4,0,-71700,16,3,0,2,69480.0,11580,11580,46320,10,2007,0,False,True,True,False,True,False,False,False,True,False,False,False,False,False,False,True,False,False,False,False,False,True,False,False,False,False,True,False,True,False,False,False,False,False,False,False,False,True,False,False,True,False,True,False
231,43,2000,1331.69,0,469653,0,15,0,0,12,1,1,2,66950.0,10300,10300,46350,3,2015,0,True,False,False,False,False,False,False,False,False,True,False,True,False,False,False,False,False,True,False,False,True,False,True,False,False,False,False,True,True,False,False,False,False,False,False,False,True,False,False,False,False,False,True,False
338,47,2000,1486.04,0,615688,1,2,0,-56200,1,3,2,3,64100.0,12820,6410,44870,4,2014,1,False,True,True,False,False,False,False,False,False,False,False,False,False,True,False,False,False,False,False,False,True,False,False,False,False,False,True,False,False,True,False,False,False,False,False,False,False,True,False,False,True,False,False,False
261,46,1000,870.55,0,465631,9,4,0,-49400,19,1,0,3,80280.0,13380,13380,53520,3,2013,0,True,False,False,False,True,False,False,False,False,False,True,False,False,False,True,False,False,True,False,False,True,False,True,False,False,False,True,False,False,False,False,True,False,False,False,False,False,False,False,True,False,False,False,False
321,44,2000,1344.56,0,443344,6,10,0,-39100,7,1,1,2,4680.0,520,0,4160,0,1999,0,False,False,False,True,True,False,False,False,False,False,False,False,False,False,False,False,False,False,True,False,False,False,False,False,True,False,False,True,True,False,False,False,False,False,False,False,True,False,False,False,False,False,True,False
0,32,1000,1377.04,0,441363,12,0,61400,-41100,6,4,1,1,39720.0,6620,6620,26480,0,2002,0,False,True,False,True,True,True,False,False,False,False,False,False,False,False,False,True,False,False,False,False,True,False,True,False,False,False,False,False,True,False,False,False,False,False,False,False,False,False,False,True,False,False,True,False
405,58,500,1237.88,0,462683,3,8,0,-46900,11,1,0,0,63580.0,5780,5780,52020,8,1997,1,False,False,True,False,True,False,False,False,True,False,False,True,False,False,False,False,False,True,False,True,False,False,False,False,False,False,False,True,True,False,False,False,False,False,False,False,False,False,False,False,False,False,False,False
304,49,1000,1525.86,0,463184,2,4,0,0,2,1,1,1,73370.0,13340,6670,53360,10,2013,0,True,False,False,False,False,False,False,False,False,False,True,False,False,True,False,False,False,True,False,False,False,True,True,False,False,False,True,False,False,False,False,False,False,False,False,False,True,False,False,False,False,True,False,True
1,29,500,854.58,0,612826,2,13,52200,0,15,1,2,3,86790.0,7890,20545,55230,6,2003,0,False,True,False,True,False,False,False,True,False,False,False,False,True,False,False,False,False,True,False,False,False,True,True,False,False,False,False,True,False,False,False,True,False,False,False,False,False,True,False,False,False,False,False,True
26,39,1000,770.76,0,433155,12,17,0,-53700,0,1,0,2,49800.0,9960,4980,34860,8,2015,0,True,False,True,False,True,False,False,False,False,True,False,False,False,False,False,False,False,True,False,False,False,True,False,False,False,False,False,True,False,False,False,False,False,True,True,False,False,False,False,False,True,False,False,False
202,38,2000,1132.74,0,616120,1,8,0,-37500,12,1,1,1,77440.0,7040,14080,56320,9,2005,0,False,False,False,False,False,False,False,False,False,False,False,False,False,False,False,False,False,True,False,False,False,True,False,False,False,False,True,False,False,False,False,False,False,True,False,True,False,False,False,False,False,True,True,False
289,48,500,1173.37,0,461744,5,2,0,-42700,1,1,1,0,42900.0,8580,0,34320,0,1999,0,False,False,False,True,False,False,False,False,False,False,True,False,False,True,False,False,False,True,False,True,False,False,False,True,False,False,True,False,False,False,False,True,False,False,False,False,False,False,False,True,False,False,False,False
61,26,2000,1188.28,0,475916,4,16,0,-53800,16,2,1,0,53820.0,11960,5980,35880,5,2015,1,False,True,False,False,False,False,False,True,False,False,False,False,False,False,False,True,False,False,False,False,True,False,False,False,False,True,False,False,False,False,False,False,True,False,False,True,False,False,False,False,False,True,True,False
334,46,1000,876.88,0,454434,11,15,0,0,2,1,2,1,57330.0,12740,6370,38220,7,1998,0,False,False,False,False,True,False,False,False,True,False,False,False,True,False,False,False,False,True,False,False,True,False,True,False,False,False,False,True,False,False,False,False,False,True,False,True,False,False,False,False,True,False,True,False
12,24,1000,1143.95,0,464353,12,13,51400,0,13,3,2,1,53370.0,5930,5930,41510,9,2011,0,False,False,False,True,False,False,False,False,False,False,True,False,True,False,False,False,False,False,False,False,True,False,True,False,False,False,False,True,True,False,False,False,False,False,False,False,False,False,True,False,True,False,False,False
86,29,2000,1409.06,0,610302,9,19,74200,-68100,0,1,2,2,62920.0,9680,14520,38720,0,2005,0,False,False,False,False,True,False,True,False,False,False,False,False,False,False,False,False,False,True,False,True,False,False,True,False,False,False,False,True,True,False,False,False,False,False,False,False,False,True,False,False,True,False,False,True
83,24,1000,1070.63,0,462106,6,2,0,0,0,3,0,1,61600.0,6160,12320,43120,6,2003,0,True,False,False,True,False,False,True,False,False,False,False,False,False,False,True,False,False,False,False,True,False,False,False,True,False,True,False,False,True,False,False,False,False,False,False,False,False,False,False,False,False,False,True,False
126,30,2000,916.13,0,431389,11,9,55300,-58400,16,3,2,0,74160.0,6180,12360,55620,8,2002,0,False,False,False,True,True,True,False,False,False,False,False,False,False,False,True,False,False,False,False,False,True,False,False,True,False,False,False,True,True,False,False,False,False,False,False,False,True,False,False,False,False,True,True,False
209,38,500,1191.5,0,442866,8,15,38600,-52900,8,1,2,0,80100.0,8900,8900,62300,1,2015,0,False,True,True,False,True,False,True,False,False,False,False,False,False,False,False,False,False,True,False,False,True,False,False,True,False,False,False,True,False,False,False,False,False,True,False,False,False,False,False,False,True,False,False,False
283,48,1000,1474.66,0,446755,11,13,0,-46200,9,1,2,3,6560.0,820,820,4920,13,2003,0,False,True,False,True,False,False,False,True,False,False,False,False,False,False,False,False,True,False,False,False,False,False,False,False,True,False,False,True,True,False,False,False,False,False,False,True,False,False,False,False,False,False,True,False
194,34,1000,1193.45,0,464743,7,10,0,0,11,1,2,1,58800.0,11760,5880,41160,9,1997,0,False,False,True,False,True,False,False,True,False,False,False,True,False,False,False,False,False,True,False,False,True,False,False,True,False,False,False,False,False,False,False,False,False,True,False,False,True,False,False,False,False,False,False,True
184,38,1000,1437.53,0,437889,13,5,0,0,6,3,0,2,53730.0,11940,5970,35820,4,2013,1,False,False,True,False,False,True,False,False,False,False,False,True,False,False,False,False,False,False,False,False,False,True,True,False,False,False,False,False,False,False,True,False,False,False,False,False,False,True,False,False,False,False,True,False
479,60,2000,1304.83,0,473638,7,6,0,0,18,1,0,0,60600.0,5050,10100,45450,6,2001,0,False,False,False,False,False,True,False,False,False,False,False,False,False,False,False,False,False,True,False,False,True,False,False,True,False,False,False,False,True,False,False,False,False,False,False,False,False,False,False,False,True,False,True,False
284,48,1000,1168.8,0,444232,12,12,0,-42400,11,1,0,3,35750.0,6500,3250,26000,8,2001,0,False,True,True,False,False,False,False,True,False,False,False,False,True,False,False,False,False,True,False,False,False,True,False,True,False,False,True,False,True,False,False,False,False,False,False,False,False,True,False,False,False,False,False,True
65,27,1000,1164.97,0,477695,0,8,43000,-42500,17,1,1,2,42840.0,3570,7140,32130,3,2004,0,True,False,False,False,False,True,False,False,False,False,False,False,False,False,False,True,False,True,False,True,False,False,False,True,False,False,False,False,False,False,False,False,False,True,False,False,False,False,False,False,False,False,False,True
222,39,1000,1232.72,0,458237,1,10,87800,-51200,21,3,1,0,87960.0,14660,14660,58640,7,1999,1,False,False,True,False,True,False,True,False,False,False,False,False,False,True,False,False,False,False,False,True,False,False,False,False,False,True,False,False,False,False,False,True,False,False,False,False,False,False,False,True,False,False,True,False
196,41,2000,1800.76,0,441499,10,4,0,-78600,0,3,1,0,47800.0,4780,4780,38240,7,2009,0,False,False,True,False,True,False,False,True,False,False,False,False,True,False,False,False,False,False,False,False,True,False,True,False,False,False,False,False,False,False,False,True,False,False,False,True,False,False,False,False,True,False,True,False
253,43,500,1187.01,0,613436,12,8,46300,-33000,9,1,0,1,3840.0,640,640,2560,3,2014,0,False,False,False,True,False,False,False,False,False,False,False,False,False,False,True,False,False,False,True,False,False,False,False,False,True,False,False,True,True,False,False,False,False,False,False,False,False,True,False,False,True,False,False,False
280,43,1000,1559.34,0,448912,13,10,0,-51600,1,1,0,2,77000.0,14000,7000,56000,0,2004,0,True,False,False,False,True,False,False,True,False,False,False,False,False,True,False,False,False,True,False,True,False,False,False,True,False,True,False,False,True,False,False,False,False,False,False,False,False,False,True,False,True,False,False,False
5,26,2000,1137.02,0,468872,4,16,31500,0,22,1,1,3,88110.0,16020,16020,56070,1,2003,0,False,False,True,False,False,False,False,False,False,False,True,True,False,False,False,False,False,True,False,False,True,False,False,True,False,False,False,False,False,False,False,False,False,True,False,False,False,False,False,True,False,True,False,False
220,42,1000,1281.72,0,619811,4,10,33500,-49500,20,4,0,2,47740.0,4340,4340,39060,6,2005,0,True,False,False,False,True,True,False,False,False,False,False,False,True,False,False,False,False,False,False,False,True,False,True,False,False,True,False,False,False,False,False,True,False,False,False,False,True,False,False,False,True,False,False,True
85,30,1000,796.35,0,614166,2,18,72400,-77000,9,3,2,1,58960.0,5360,10720,42880,5,2004,0,False,True,False,False,False,False,False,False,True,False,False,False,False,True,False,False,False,False,False,False,True,False,False,True,False,True,False,False,False,False,False,True,False,False,False,False,True,False,False,False,False,True,False,True
266,46,500,1270.02,0,456600,12,16,0,-45800,5,1,1,2,2160.0,480,240,1440,12,2004,0,False,True,True,False,False,False,False,False,False,False,False,False,False,True,False,False,True,False,False,False,False,False,True,False,False,False,False,True,False,False,False,False,False,False,False,False,False,True,False,False,True,False,False,False
41,26,1000,1383.13,0,618405,9,8,46700,0,12,1,1,1,6890.0,530,1060,5300,7,1997,0,False,False,False,False,False,False,False,True,False,False,False,False,False,True,False,False,False,False,True,False,False,False,False,False,True,False,False,True,False,False,False,True,False,False,False,False,False,False,True,False,False,True,False,False
316,45,2000,1290.74,0,430832,9,11,58300,0,6,3,2,0,78870.0,7170,14340,57360,11,2013,0,False,False,False,False,False,False,True,False,False,False,False,False,False,False,False,False,False,False,False,False,False,True,False,False,False,False,False,False,False,False,False,False,True,False,False,False,False,False,False,True,True,False,False,True
285,47,1000,1216.68,0,610989,11,1,55100,0,8,1,1,1,2700.0,300,300,2100,5,2013,0,True,False,False,False,False,False,False,False,False,True,False,False,True,False,False,False,False,False,True,False,False,False,False,False,True,False,False,True,False,False,False,True,False,False,True,False,False,False,False,False,True,False,True,False
379,54,500,1251.16,0,447750,6,11,41400,0,14,1,0,1,75960.0,6330,6330,63300,7,2010,0,False,False,False,False,False,False,False,False,False,False,False,True,False,False,False,False,False,True,False,True,False,False,False,True,False,False,False,False,False,False,False,False,False,True,False,False,False,False,True,False,False,False,True,False
15,34,2000,1586.41,0,608708,11,18,33500,-58900,10,1,1,3,75570.0,6870,13740,54960,2,2010,1,True,False,True,False,False,False,True,False,False,False,False,False,True,False,False,False,False,True,False,True,False,False,False,False,False,False,False,True,False,False,False,False,False,True,False,False,False,True,False,False,False,True,False,False
354,48,2000,1526.11,0,469650,11,8,0,0,12,1,2,3,90240.0,15040,15040,60160,3,1995,0,False,False,False,True,False,False,False,False,False,True,False,False,False,False,True,False,False,True,False,True,False,False,True,False,False,False,False,True,False,False,False,True,False,False,True,False,False,False,False,False,False,False,False,True
342,53,1000,1028.44,0,602304,9,7,0,0,12,1,0,0,80960.0,14720,7360,58880,0,2000,0,True,False,False,False,False,True,False,False,False,False,False,True,False,False,False,False,False,True,False,True,False,False,False,False,False,False,False,False,False,False,False,True,False,False,False,False,False,False,False,True,False,False,True,False
169,38,1000,1555.94,0,459878,2,16,23300,0,12,3,1,3,79080.0,6590,13180,59310,8,2012,0,False,False,False,False,True,False,False,False,False,False,True,False,False,True,False,False,False,False,False,True,False,False,False,True,False,False,True,False,False,False,False,False,True,False,False,False,False,False,True,False,True,False,False,True
339,49,2000,1570.77,0,441142,0,13,98800,-65300,13,1,0,3,6820.0,1240,620,4960,8,2009,0,True,False,False,True,True,False,False,True,False,False,False,True,False,False,False,False,False,False,True,False,False,False,True,False,False,False,True,False,False,False,False,True,False,False,True,False,False,False,False,False,True,False,True,False
259,42,2000,1170.53,0,465667,1,17,65000,-49200,17,3,1,2,62590.0,5690,11380,45520,9,2006,0,False,True,False,False,False,False,False,False,False,False,True,False,False,False,False,True,False,False,False,False,True,False,False,True,False,True,False,False,False,False,False,False,False,True,False,False,True,False,False,False,True,False,False,True
65,23,1000,1099.95,0,473109,11,7,0,-71900,14,1,1,0,52400.0,6550,6550,39300,0,2005,1,False,True,True,False,False,True,False,False,False,False,False,False,False,False,False,True,False,True,False,False,False,True,False,False,False,False,True,False,True,False,False,False,False,False,False,False,False,False,False,False,True,False,False,True
254,46,2000,1472.43,0,619794,12,1,0,-90600,3,3,1,3,63580.0,5780,11560,46240,13,2004,0,False,False,True,False,True,False,False,False,True,False,False,False,False,False,False,False,False,False,False,True,False,False,False,False,False,False,False,False,False,False,False,False,False,True,False,False,False,False,False,False,False,False,False,True
440,55,500,1275.62,0,602258,8,15,0,-56200,18,3,2,1,61400.0,6140,6140,49120,9,1995,0,False,False,True,False,False,False,False,False,False,False,False,False,True,False,False,False,False,False,False,False,False,True,True,False,False,False,False,True,True,False,False,False,False,False,False,False,False,False,True,False,False,True,True,False
478,62,1000,1292.3,0,479724,0,13,47600,0,5,1,1,3,4700.0,940,470,3290,4,2007,1,False,False,True,False,True,False,True,False,False,False,False,False,False,True,False,False,True,False,False,False,False,False,True,False,False,False,False,True,False,False,False,False,True,False,False,False,True,False,False,False,False,True,True,False
230,44,2000,1009.37,0,442210,9,10,45400,-39400,19,1,0,2,74140.0,13480,13480,47180,2,2015,0,True,False,True,False,False,True,False,False,False,False,False,False,True,False,False,False,False,True,False,True,False,False,False,True,False,True,False,False,False,False,False,True,False,False,False,False,False,False,True,False,True,False,False,True
138,30,500,1093.07,0,463291,7,15,27700,-72400,0,1,2,2,83160.0,6930,13860,62370,13,2011,0,False,True,False,True,False,False,False,False,False,False,True,False,False,False,False,True,False,True,False,True,False,False,False,False,False,False,True,False,False,False,False,False,True,False,False,True,False,False,False,False,False,False,True,False
239,41,1000,1325.44,0,474898,4,13,51400,-6300,22,1,0,2,10790.0,1660,830,8300,8,2013,0,False,True,True,False,False,False,False,True,False,False,False,False,True,False,False,False,True,False,False,False,False,False,False,False,True,False,False,True,False,False,False,False,False,False,False,False,False,False,False,False,False,False,False,True
93,31,2000,1017.18,0,431354,9,13,0,0,21,3,1,3,48070.0,8740,8740,30590,10,2014,0,False,False,False,False,False,False,False,False,True,False,False,False,False,False,False,False,False,False,False,False,True,False,False,False,False,False,False,True,False,False,False,False,False,False,False,False,False,False,False,False,False,True,True,False
37,25,1000,1221.17,0,617460,10,9,49300,0,4,3,0,0,51030.0,5670,11340,34020,11,1996,0,False,True,False,False,False,False,False,False,False,True,False,True,False,False,False,False,False,False,False,False,True,False,True,False,False,False,False,False,False,False,False,True,False,False,False,False,False,True,False,False,False,True,False,True
254,40,500,1904.8262500000003,0,609317,9,19,0,0,10,1,0,1,43280.0,0,5410,37870,6,1996,1,True,False,False,False,True,False,False,False,True,False,False,False,False,False,False,False,False,True,False,True,False,False,True,False,False,True,False,False,False,False,False,False,True,False,False,False,False,False,False,False,False,True,False,False
131,29,1000,978.27,0,479821,11,13,65700,0,5,1,1,3,76400.0,15280,7640,53480,11,2003,0,True,False,True,False,False,False,False,False,False,False,False,False,False,True,False,False,False,True,False,True,False,False,False,False,False,True,False,False,False,False,False,True,False,False,False,True,False,False,False,False,False,False,True,False
230,43,2000,1221.14,0,473394,9,2,48100,0,13,1,0,2,75460.0,13720,13720,48020,1,2002,0,True,False,False,False,True,False,False,False,True,False,False,False,False,False,False,True,False,True,False,False,False,True,False,True,False,False,False,False,False,False,False,False,True,False,False,True,False,False,False,False,False,False,False,False
313,50,2000,1255.62,0,603882,1,14,0,0,18,3,2,1,69000.0,13800,6900,48300,5,1995,1,False,True,False,False,True,False,False,False,True,False,False,False,False,False,True,False,False,False,False,False,False,True,False,False,False,False,True,False,False,True,False,False,False,False,False,False,False,True,False,False,False,True,False,True
210,38,500,999.52,0,615229,12,9,0,0,6,1,1,2,8640.0,1440,720,6480,0,2008,0,True,False,True,False,True,False,False,True,False,False,False,False,True,False,False,False,False,False,True,False,False,False,True,False,False,False,False,True,False,False,False,False,True,False,False,False,False,False,False,True,False,False,True,False
101,29,500,1380.89,0,620197,1,7,30000,-53000,0,3,2,1,67210.0,12220,12220,42770,2,1996,0,False,True,True,False,True,False,False,False,False,False,True,False,False,True,False,False,False,False,False,False,True,False,True,False,False,False,False,False,False,False,False,True,False,False,False,False,False,False,False,False,False,False,False,False
153,37,500,1010.77,0,438215,13,1,52300,-55600,5,3,0,3,42500.0,4250,4250,34000,13,1999,0,True,False,False,True,True,False,True,False,False,False,False,False,False,False,True,False,False,False,False,False,False,True,False,True,False,False,False,False,False,False,False,False,False,False,False,False,False,False,False,False,False,False,True,False
337,53,500,1205.86,0,444583,1,1,0,-34600,8,1,0,1,86400.0,14400,7200,64800,0,2001,0,False,True,False,False,True,False,False,False,False,False,False,False,False,False,False,True,False,True,False,False,True,False,True,False,False,True,False,False,False,False,False,True,False,False,False,False,False,False,False,False,False,True,True,False
360,51,1000,1526.61,0,471866,5,5,0,-32900,5,1,2,2,4620.0,840,840,2940,4,2009,1,False,False,False,True,True,False,False,False,False,True,False,True,False,False,False,False,False,False,True,False,False,False,True,False,False,False,False,True,False,False,False,True,False,False,False,True,False,False,False,False,False,True,False,False
428,53,1000,1496.44,0,616884,12,4,0,0,9,1,2,2,6930.0,630,1260,5040,6,2013,0,False,False,False,False,False,False,True,False,False,False,False,False,False,False,True,False,True,False,False,False,False,False,False,False,True,False,False,True,False,False,False,False,False,False,False,False,False,False,False,True,False,True,True,False
204,40,500,1256.2,0,448310,11,10,0,0,10,3,1,2,41700.0,8340,8340,25020,10,2013,0,False,False,False,False,False,False,False,True,False,False,False,True,False,False,False,False,False,False,False,False,False,True,True,False,False,False,True,False,False,False,False,True,False,False,False,False,True,False,False,False,False,True,False,True
364,51,500,1268.35,0,478902,13,2,0,0,16,1,2,1,77330.0,14060,14060,49210,13,2014,1,False,False,False,False,True,False,False,False,False,True,False,False,False,False,False,True,False,True,False,False,True,False,False,False,False,False,True,False,True,False,False,False,False,False,False,False,False,True,False,False,False,True,True,False
185,35,2000,1421.59,0,442695,7,17,0,0,8,1,2,3,4950.0,900,450,3600,5,2011,0,True,False,False,True,True,True,False,False,False,False,False,False,False,True,False,False,False,False,True,False,False,False,False,False,True,False,False,True,False,False,False,False,False,True,False,False,False,False,False,False,False,False,False,True
63,26,500,1500.04,0,613826,2,14,0,-36500,5,1,0,2,5160.0,860,860,3440,0,2004,0,False,False,False,True,True,False,False,False,False,False,True,False,False,True,False,False,False,False,True,False,False,False,True,False,False,False,False,True,False,False,False,False,False,False,False,False,False,True,False,False,True,False,False,True
210,35,500,1433.24,0,476203,3,19,0,-19500,11,3,2,1,24570.0,2730,2730,19110,10,2006,1,False,False,False,False,False,True,False,False,False,False,False,True,False,False,False,False,False,False,False,False,False,True,False,True,False,True,False,False,False,False,False,False,False,True,False,False,False,False,True,False,True,False,False,False
194,38,2000,1231.25,0,604333,2,12,46500,0,15,3,1,0,53680.0,4880,9760,39040,12,2011,0,True,False,False,False,False,False,False,False,False,False,True,True,False,False,False,False,False,False,False,False,True,False,True,False,False,False,False,False,False,False,False,False,False,True,False,False,False,False,False,False,False,False,False,False
294,49,500,1135.43,0,442604,4,3,22700,0,23,3,1,1,42900.0,3900,3900,35100,3,2010,0,True,False,False,True,True,False,False,False,False,True,False,False,False,True,False,False,False,False,False,False,False,True,False,True,False,False,False,True,False,False,False,False,False,True,True,False,False,False,False,False,False,True,False,True
272,41,2000,945.73,0,435663,10,5,38600,-42800,23,1,0,0,84100.0,16820,8410,58870,5,2009,1,False,True,True,False,True,False,False,False,True,False,False,False,False,False,False,True,False,True,False,True,False,False,True,False,False,True,False,False,True,False,False,False,False,False,False,False,False,False,False,False,True,False,True,False
27,27,2000,1118.76,0,470866,0,7,0,-55800,23,1,1,3,61560.0,6840,6840,47880,5,2008,0,True,False,False,False,False,True,False,False,False,False,False,False,False,True,False,False,False,True,False,True,False,False,False,True,False,True,False,False,True,False,False,False,False,False,False,False,False,True,False,False,False,False,False,False
251,39,2000,1231.98,0,612908,7,10,0,-31700,10,1,0,0,44240.0,5530,5530,33180,4,1997,0,True,False,False,True,False,False,False,False,False,False,False,True,False,False,False,False,False,True,False,False,True,False,True,False,False,False,False,True,True,False,False,False,False,False,False,True,False,False,False,False,False,True,False,False
180,33,2000,1005.47,0,441871,10,10,58100,-49000,12,4,2,3,57700.0,11540,5770,40390,7,2002,0,True,False,False,True,False,False,False,True,False,False,False,False,False,True,False,False,False,False,False,False,True,False,True,False,False,False,False,False,False,False,False,False,True,False,True,False,False,False,False,False,False,False,False,True
392,50,2000,1108.97,0,431496,3,8,68400,-66800,4,1,2,2,108030.0,16620,16620,74790,10,2002,0,False,True,False,False,False,False,False,False,False,False,True,True,False,False,False,False,False,True,False,False,False,True,True,False,False,False,True,False,False,False,False,False,False,True,False,False,False,False,False,True,True,False,False,True
143,30,500,1392.39,0,436499,3,7,0,-65700,16,1,2,0,54300.0,10860,5430,38010,12,2010,0,True,False,False,False,False,False,True,False,False,False,False,False,False,False,True,False,False,True,False,False,True,False,True,False,False,True,False,False,False,False,False,True,False,False,False,False,False,False,True,False,True,False,False,True
371,54,2000,1317.97,0,469853,2,12,34700,-81000,18,3,1,2,32280.0,5380,5380,21520,5,2010,1,True,False,False,False,True,False,True,False,False,False,False,False,False,False,False,True,False,False,False,True,False,False,False,False,False,False,False,False,False,False,False,True,False,False,True,False,False,False,False,False,False,False,False,False
292,42,1000,1588.22,0,605369,6,4,0,-53800,15,3,1,1,84600.0,16920,8460,59220,3,2007,0,True,False,True,False,True,False,False,True,False,False,False,False,True,False,False,False,False,False,False,False,True,False,False,True,False,False,True,False,False,False,False,False,False,True,False,False,False,False,True,False,False,True,True,False
165,35,500,900.02,0,448466,2,4,0,-49900,8,1,1,3,69700.0,6970,6970,55760,2,2008,0,False,False,True,False,True,True,False,False,False,False,False,False,False,True,False,False,False,True,False,True,False,False,False,True,False,False,True,False,False,False,False,True,False,False,False,False,False,False,False,True,True,False,False,True
158,33,1000,1744.64,0,432786,9,12,0,0,4,3,0,1,36400.0,3640,7280,25480,13,1998,0,False,True,False,False,True,False,False,True,False,False,False,False,False,False,True,False,False,False,False,False,True,False,False,True,False,False,False,False,False,False,False,False,False,True,False,False,False,False,False,True,True,False,True,False
241,39,1000,1260.56,0,473591,0,13,0,-54900,20,3,0,2,37520.0,4690,4690,28140,7,2010,0,False,True,True,False,False,False,False,True,False,False,False,False,False,True,False,False,False,False,False,False,False,True,True,False,False,False,False,True,False,False,False,True,False,False,False,False,False,True,False,False,True,False,False,True
103,33,2000,1021.14,0,618418,7,13,69500,-47700,1,3,2,3,79090.0,14380,14380,50330,4,2014,0,False,True,False,True,False,False,False,False,False,True,False,False,False,False,False,True,False,False,False,False,False,True,False,False,False,False,False,False,True,False,False,False,False,False,False,False,True,False,False,False,True,False,False,False
402,54,2000,1285.09,0,444558,4,2,48000,-79600,19,1,0,2,67770.0,7530,15060,45180,8,2013,1,False,True,True,False,True,False,False,True,False,False,False,True,False,False,False,False,False,True,False,False,True,False,False,False,False,False,True,False,True,False,False,False,False,False,False,False,False,False,False,True,True,False,False,True
102,32,500,1537.07,0,457733,12,5,0,0,11,1,1,0,47400.0,9480,4740,33180,3,2004,1,False,True,False,False,True,False,False,True,False,False,False,False,False,False,False,True,False,True,False,False,False,True,False,True,False,False,True,False,False,True,False,False,False,False,False,False,True,False,False,False,True,False,True,False
182,40,1000,1022.42,0,466161,7,16,50000,-56900,13,1,0,2,71100.0,7110,14220,49770,1,2008,0,True,False,False,False,True,False,False,False,False,False,True,False,False,False,False,False,False,True,False,True,False,False,False,True,False,False,True,False,False,False,False,True,False,False,False,False,True,False,False,False,False,True,False,False
282,46,2000,1558.86,0,450800,7,7,51100,-75100,2,1,2,2,69400.0,13880,6940,48580,2,2012,0,False,True,False,False,True,False,False,False,True,False,False,False,False,False,False,True,False,True,False,True,False,False,True,False,False,False,False,True,True,False,False,False,False,False,False,False,False,False,False,True,False,False,True,False
222,39,500,1757.87,0,458993,13,2,71400,0,9,3,2,1,55000.0,5000,10000,40000,10,1996,1,False,True,False,True,True,False,True,False,False,False,False,True,False,False,False,False,False,False,False,False,True,False,False,False,False,False,True,False,False,False,False,True,False,False,False,False,False,True,False,False,False,True,False,False
415,52,1000,973.5,0,468634,6,14,50400,0,15,2,1,3,51090.0,7860,7860,35370,12,2003,0,True,False,True,False,True,False,False,False,False,False,True,True,False,False,False,False,False,False,False,False,True,False,False,True,False,False,False,True,False,False,False,False,False,True,False,False,False,False,False,False,False,True,False,True
51,34,500,1430.8,0,461264,6,4,0,0,23,1,2,3,64200.0,6420,19260,38520,6,2007,1,False,True,False,True,True,False,False,False,False,False,True,False,False,False,True,False,False,True,False,False,False,True,False,False,False,True,False,False,True,False,False,False,False,False,False,False,False,False,False,True,False,False,True,False
255,45,500,1192.27,0,600184,11,0,0,-40200,16,1,2,0,67320.0,12240,12240,42840,5,2006,0,False,False,False,True,True,False,True,False,False,False,False,False,False,True,False,False,False,True,False,True,False,False,False,True,False,False,True,False,False,False,False,False,False,False,False,False,False,False,True,False,True,False,False,True
143,31,500,1163.83,0,604874,10,12,37700,0,21,4,2,0,76120.0,6920,13840,55360,1,1999,0,False,False,True,False,True,False,False,False,False,False,False,False,False,False,False,False,False,False,False,False,False,True,False,False,False,False,True,False,False,False,False,False,False,False,False,False,False,False,False,False,False,True,False,False
130,28,1000,1003.15,0,462377,4,12,0,-38500,21,2,2,1,85020.0,13080,13080,58860,5,2010,0,False,True,False,True,False,False,False,True,False,False,False,False,True,False,False,False,False,False,False,True,False,False,True,False,False,False,False,False,False,False,False,True,False,False,False,True,False,False,False,False,False,True,True,False
242,41,2000,1153.54,0,619657,10,14,0,-57000,3,3,0,1,68090.0,12380,12380,43330,12,2009,0,False,True,True,False,True,False,False,False,False,True,False,False,False,False,True,False,False,False,False,False,True,False,True,False,False,True,False,False,True,False,False,False,False,False,False,False,False,True,False,False,True,False,False,False
96,27,1000,1631.1,0,437323,8,8,0,0,4,1,1,2,6030.0,670,670,4690,9,2007,0,False,False,False,False,False,False,True,False,False,False,False,False,False,False,False,True,True,False,False,False,False,False,False,False,True,False,False,True,False,False,False,False,False,True,False,False,False,False,False,False,False,False,True,False
180,35,1000,1252.48,0,432148,6,19,0,-55800,17,1,1,3,5100.0,1020,510,3570,3,2000,0,False,False,False,True,True,False,False,False,True,False,False,False,False,False,False,True,False,False,True,False,False,False,True,False,False,False,False,True,False,True,False,False,False,False,False,False,False,False,False,True,False,False,True,False
150,30,1000,1677.26,0,439690,11,19,40100,0,7,1,1,3,4590.0,510,510,3570,13,2013,0,True,False,False,False,True,True,False,False,False,False,False,False,False,True,False,False,False,False,True,False,False,False,False,False,True,False,False,True,False,False,False,False,False,True,False,False,False,False,False,True,False,True,False,True
463,59,1000,979.73,0,601848,3,19,51700,0,14,2,1,2,72400.0,7240,14480,50680,3,1999,1,False,False,True,False,False,False,False,True,False,False,False,True,False,False,False,False,False,False,False,True,False,False,False,False,False,False,True,False,False,False,False,True,False,False,True,False,False,False,False,False,False,False,True,False
472,62,500,989.24,0,615821,7,16,0,0,13,1,2,3,70900.0,14180,7090,49630,8,2002,0,True,False,True,False,True,False,False,False,False,True,False,True,False,False,False,False,False,True,False,True,False,False,False,False,False,True,False,False,True,False,False,False,False,False,False,False,False,True,False,False,True,False,True,False
75,25,1000,1389.86,0,472475,8,10,0,0,23,2,2,3,65100.0,6510,6510,52080,10,2011,0,False,False,False,True,False,False,False,False,False,False,False,False,False,False,False,False,False,False,False,False,False,True,False,True,False,False,True,False,False,False,False,False,False,True,False,False,False,False,False,True,False,False,False,True
193,40,500,1233.85,0,457463,5,5,0,0,23,3,2,1,64260.0,0,14280,49980,5,1999,0,False,True,False,False,False,True,False,False,False,False,False,False,False,False,False,False,False,False,False,False,False,True,False,True,False,False,False,False,False,False,True,False,False,False,False,True,False,False,False,False,False,False,False,True
43,43,500,1320.39,0,604861,1,19,0,0,16,1,2,1,79970.0,7270,20545,50890,6,1996,1,False,False,False,True,False,False,False,False,False,False,False,True,False,False,False,False,False,True,False,False,True,False,False,False,False,False,False,False,False,False,False,False,False,True,False,False,False,False,False,False,False,False,False,False
253,41,1000,1435.09,0,471519,6,3,36600,0,17,1,2,0,56610.0,6290,6290,44030,3,1995,0,True,False,False,False,False,True,False,False,False,False,False,True,False,False,False,False,False,True,False,False,True,False,False,True,False,False,False,True,False,False,False,True,False,False,False,False,False,True,False,False,True,False,False,False
152,30,500,1448.54,0,618682,2,14,58600,0,9,1,1,1,84590.0,7690,7690,69210,12,2000,1,True,False,False,True,False,False,False,True,False,False,False,False,False,False,False,True,False,True,False,False,False,True,False,False,False,True,False,False,False,False,False,False,True,False,False,False,False,True,False,False,False,True,False,False
160,38,500,1733.56,0,441425,11,17,0,-43800,13,3,2,1,66780.0,7420,14840,44520,8,1996,0,False,True,True,False,True,False,True,False,False,False,False,False,False,False,False,True,False,False,False,False,False,True,False,False,False,True,False,False,False,False,False,True,False,False,False,True,False,False,False,False,True,False,False,True
56,36,500,1533.07,0,609336,4,8,0,-28800,13,1,1,2,58500.0,0,6500,52000,5,2001,0,True,False,False,False,True,False,False,True,False,False,False,False,False,True,False,False,False,True,False,False,True,False,False,False,False,False,False,True,False,False,False,False,False,False,False,False,False,False,False,True,False,True,False,True
286,41,500,1106.77,0,603320,9,9,45500,-62500,3,1,2,0,5000.0,500,500,4000,4,2003,0,False,False,False,False,False,True,False,False,False,False,False,False,True,False,False,False,True,False,False,False,False,False,False,False,True,False,False,True,False,False,False,False,False,True,True,False,False,False,False,False,False,False,True,False
3,29,500,995.7,0,615446,8,5,0,0,3,1,2,1,5000.0,500,1000,3500,8,2008,1,False,False,False,False,False,False,False,True,False,False,False,False,False,False,True,False,True,False,False,False,False,False,False,False,True,False,False,True,False,False,True,False,False,False,False,False,False,False,False,True,False,False,False,False
286,41,1000,1298.85,0,435967,11,4,71300,-70300,16,3,1,3,54450.0,6050,12100,36300,10,2007,0,False,False,True,False,False,False,True,False,False,False,False,False,True,False,False,False,False,False,False,True,False,False,False,False,False,False,False,False,True,False,False,False,False,False,True,False,False,False,False,False,False,False,False,True
239,38,1000,1276.73,0,610246,5,3,0,0,12,3,1,3,61920.0,6880,6880,48160,10,2003,0,False,True,True,False,False,False,False,False,False,True,False,False,True,False,False,False,False,False,False,True,False,False,False,False,False,False,False,True,False,False,False,False,False,True,False,False,False,True,False,False,True,False,False,False
64,29,2000,1202.28,0,479327,3,6,0,-61400,4,1,1,2,43700.0,4370,4370,34960,9,2007,1,False,True,True,False,True,False,True,False,False,False,False,False,True,False,False,False,False,True,False,False,False,True,True,False,False,False,False,False,False,False,False,False,True,False,False,True,False,False,False,False,False,False,True,False
98,31,500,671.92,0,468300,6,3,0,-26400,3,1,2,0,64080.0,7120,7120,49840,5,1997,0,True,False,False,False,True,False,False,False,False,True,False,False,False,False,False,True,False,True,False,True,False,False,True,False,False,False,True,False,False,False,False,False,False,False,False,False,False,False,True,False,False,False,False,False
16,35,1000,1358.03,0,612660,11,5,59300,-31400,0,1,2,1,55000.0,10000,10000,35000,13,2008,1,False,False,True,False,True,False,False,True,False,False,False,False,False,True,False,False,False,True,False,False,True,False,False,True,False,False,True,False,False,False,False,True,False,False,False,True,False,False,False,False,True,False,False,False
70,27,1000,1008.79,0,466691,0,18,46000,0,19,1,2,3,4400.0,0,550,3850,12,2000,0,True,False,True,False,False,False,False,False,False,True,False,False,False,True,False,False,False,False,True,False,False,False,False,False,True,False,False,True,False,False,False,False,False,True,True,False,False,False,False,False,True,False,False,False
75,27,1000,1141.1,0,468515,1,12,0,0,15,2,0,1,71640.0,5970,11940,53730,12,2008,0,False,True,False,False,True,False,False,True,False,False,False,False,True,False,False,False,False,False,False,False,False,True,True,False,False,False,False,True,False,False,False,True,False,False,False,True,False,False,False,False,False,False,False,True
246,44,1000,1397.0,0,614521,6,15,0,0,6,1,1,0,61740.0,6860,6860,48020,0,1997,0,False,True,False,False,True,False,True,False,False,False,False,True,False,False,False,False,False,True,False,False,True,False,True,False,False,False,True,False,True,False,False,False,False,False,False,False,False,False,False,False,True,False,True,False
110,27,1000,1664.66,0,465921,8,9,0,-66200,3,1,0,3,57500.0,5750,5750,46000,1,2010,0,False,True,False,True,False,False,False,False,False,False,False,False,False,True,False,False,False,True,False,False,False,True,False,True,False,False,False,False,False,False,False,True,False,False,False,False,False,False,False,True,False,False,False,False
236,39,1000,1151.39,0,604555,3,15,0,-63900,17,1,0,0,8700.0,870,1740,6090,0,2003,0,True,False,True,False,False,False,False,False,False,True,False,False,False,False,False,True,True,False,False,False,False,False,True,False,False,False,False,True,True,False,False,False,False,False,False,False,False,False,False,True,False,True,False,False
267,46,2000,1546.01,0,616276,0,14,0,0,4,4,2,1,77100.0,15420,7710,53970,13,1996,0,False,True,False,False,False,False,False,False,True,False,False,False,False,False,False,True,False,False,False,True,False,False,False,True,False,False,False,True,False,False,False,False,True,False,False,False,False,False,True,False,True,False,False,False
463,57,500,1063.67,0,463356,8,7,0,0,14,1,2,0,59400.0,6600,6600,46200,4,1995,0,False,False,True,False,True,False,False,False,False,True,False,False,False,False,False,True,False,True,False,True,False,False,True,False,False,False,False,True,True,False,False,False,False,False,False,False,False,False,False,True,True,False,False,True
303,46,1000,709.14,0,450184,6,11,0,0,3,3,1,0,54890.0,9980,4990,39920,12,2006,0,True,False,False,False,True,False,False,False,False,True,False,False,False,False,False,False,False,False,False,False,True,False,True,False,False,True,False,False,True,False,False,False,False,False,False,False,False,True,False,False,True,False,True,False
137,30,500,1039.55,0,466393,3,11,55600,-59700,4,3,2,1,74030.0,6730,13460,53840,3,2005,0,False,False,True,False,True,False,False,False,True,False,False,False,False,False,True,False,False,False,False,True,False,False,True,False,False,False,True,False,False,False,False,False,False,True,True,False,False,False,False,False,False,False,False,False
56,42,500,1339.39,0,471786,0,5,0,0,13,1,1,2,61490.0,11180,11180,39130,2,1998,0,False,False,True,False,False,False,False,False,False,False,False,True,False,False,False,False,False,True,False,False,True,False,False,True,False,False,True,False,True,False,False,False,False,False,True,False,False,False,False,False,False,False,False,True
75,27,1000,1202.75,0,602289,5,2,57900,-90100,23,3,0,2,79560.0,6630,13260,59670,13,2003,0,True,False,True,False,True,False,True,False,False,False,False,True,False,False,False,False,False,False,False,True,False,False,True,False,False,False,False,True,False,False,False,True,False,False,False,False,False,True,False,False,True,False,False,True
131,33,2000,1081.17,0,445120,11,19,0,-65200,3,1,0,1,4900.0,490,490,3920,12,2010,0,False,False,False,False,True,False,False,False,True,False,False,False,False,False,False,True,True,False,False,False,False,False,True,False,False,False,False,True,True,False,False,False,False,False,False,False,True,False,False,False,False,False,True,False
153,34,500,991.39,0,449260,12,13,45600,-61400,0,3,1,0,77770.0,14140,14140,49490,9,2000,0,False,False,True,False,True,False,True,False,False,False,False,False,True,False,False,False,False,False,False,False,False,True,False,True,False,False,True,False,False,False,False,False,False,True,False,False,False,False,False,True,False,False,True,False
255,43,500,984.02,0,472724,13,2,75800,0,14,2,2,2,74700.0,7470,14940,52290,9,2007,1,True,False,False,True,False,False,False,True,False,False,False,False,False,False,True,False,False,False,False,False,False,True,False,False,False,True,False,False,False,False,False,True,False,False,True,False,False,False,False,False,False,False,False,False
103,26,500,1354.83,0,475173,12,17,66300,0,14,2,2,2,40600.0,4060,4060,32480,13,2010,0,False,False,False,False,True,False,False,False,True,False,False,False,False,False,False,False,False,False,False,True,False,False,True,False,False,False,False,True,True,False,False,False,False,False,False,False,False,False,False,False,True,False,False,False
97,28,1000,830.31,0,443854,4,18,0,-32600,22,1,1,0,45270.0,10060,10060,25150,7,2006,0,False,True,False,False,True,False,False,True,False,False,False,False,False,False,False,False,False,True,False,False,True,False,False,True,False,False,False,False,False,False,False,True,False,False,False,False,False,False,False,True,False,False,False,False
214,36,2000,987.42,0,461418,6,11,0,0,17,3,0,3,47080.0,4280,8560,34240,10,2006,0,False,False,False,False,False,False,False,False,False,False,False,False,False,True,False,False,False,False,False,True,False,False,True,False,False,False,False,False,True,False,False,False,False,False,False,False,False,False,False,True,True,False,False,False
438,57,500,1119.29,0,616164,6,5,0,0,14,1,0,0,40700.0,4070,4070,32560,13,2000,1,False,True,False,True,False,False,False,False,True,False,False,False,False,False,False,False,False,True,False,False,False,True,True,False,False,False,False,True,False,False,False,True,False,False,False,True,False,False,False,False,False,False,True,False
87,27,500,1048.39,0,620962,13,14,0,0,2,1,2,1,34650.0,6300,3150,25200,5,1996,0,False,True,False,False,False,False,False,False,False,True,False,False,False,True,False,False,False,True,False,False,False,True,True,False,False,False,False,True,True,False,False,False,False,False,False,False,False,False,True,False,False,False,False,True
27,28,1000,1074.47,0,465201,10,4,0,0,4,1,2,0,3200.0,400,400,2400,7,2012,0,False,True,False,True,True,False,False,False,True,False,False,False,False,False,False,True,True,False,False,False,False,False,False,False,True,False,False,True,False,False,False,False,False,True,False,False,False,False,True,False,False,False,False,False
206,42,1000,1230.76,0,470488,6,19,0,-74200,2,1,1,1,78980.0,7180,14360,57440,10,1997,1,False,False,False,True,True,False,True,False,False,False,False,False,False,False,True,False,False,True,False,False,True,False,False,False,False,True,False,False,False,False,False,False,True,False,False,True,False,False,False,False,False,False,True,False
127,31,500,1255.02,0,462250,11,15,58200,0,10,1,1,0,6160.0,560,1120,4480,9,1996,0,False,True,False,True,True,False,False,False,False,False,False,True,False,False,False,False,True,False,False,False,False,False,True,False,False,True,False,False,False,False,False,True,False,False,False,False,False,False,True,False,False,True,True,False
422,60,1000,1555.52,0,436408,6,10,43600,-67800,11,1,1,1,85250.0,15500,7750,62000,8,1999,0,True,False,False,False,False,False,False,False,True,False,False,False,False,True,False,False,False,True,False,True,False,False,False,False,False,False,False,False,False,False,False,False,False,False,False,False,False,True,False,False,False,True,True,False
303,50,2000,836.11,0,464230,11,4,0,0,1,4,1,2,72840.0,12140,6070,54630,4,2010,0,False,False,False,False,True,False,False,False,False,True,False,True,False,False,False,False,False,False,False,False,False,True,False,False,False,True,False,False,False,False,False,True,False,False,False,False,False,False,False,True,False,True,True,False
228,40,500,1450.98,0,478609,3,0,43700,0,20,1,0,2,6050.0,1100,1100,3850,12,2010,0,True,False,False,False,True,False,False,False,False,False,False,False,False,False,False,False,True,False,False,False,False,False,False,False,True,False,False,True,False,False,False,False,False,True,False,False,True,False,False,False,False,False,True,False
239,39,2000,625.08,0,437156,10,10,44200,-37000,10,1,2,3,87890.0,15980,7990,63920,2,2014,1,True,False,True,False,False,False,False,True,False,False,False,False,False,False,False,True,False,True,False,True,False,False,False,False,False,True,False,False,False,False,False,True,False,False,False,False,False,False,True,False,True,False,False,True
330,47,2000,1133.27,0,432218,2,5,0,-56400,20,2,0,2,60500.0,11000,5500,44000,5,1999,1,False,False,False,False,False,False,True,False,False,False,False,False,False,False,False,True,False,False,False,False,False,True,False,True,False,False,True,False,True,False,False,False,False,False,False,False,False,True,False,False,False,False,False,True
128,35,500,1366.6,0,620493,6,11,0,0,10,3,2,1,88220.0,16040,16040,56140,3,2008,0,True,False,False,True,False,False,False,False,True,False,False,False,True,False,False,False,False,False,False,True,False,False,True,False,False,True,False,False,True,False,False,False,False,False,True,False,False,False,False,False,False,False,True,False
147,37,1000,1439.9,0,475391,9,18,0,-48400,2,2,1,2,53680.0,9760,4880,39040,0,2004,0,False,True,False,True,False,False,False,False,False,False,False,False,False,False,False,False,False,False,False,False,True,False,False,True,False,False,True,False,False,False,False,True,False,False,False,False,False,False,False,True,True,False,True,False
287,45,1000,1230.69,0,440720,13,9,0,-54600,19,1,0,2,53800.0,5380,5380,43040,0,2006,0,False,True,False,True,True,False,False,False,False,True,False,True,False,False,False,False,False,True,False,True,False,False,True,False,False,True,False,False,False,False,False,False,True,False,False,False,False,False,False,True,True,False,True,False
142,29,2000,1307.68,0,606942,2,7,0,-48500,10,1,1,2,54360.0,4530,9060,40770,8,1995,1,False,True,False,False,False,False,False,False,True,False,False,False,False,False,False,False,False,True,False,False,True,False,False,False,False,False,False,True,True,False,False,False,False,False,True,False,False,False,False,False,False,True,True,False
162,35,2000,1124.69,0,446971,5,3,0,0,14,1,0,3,54340.0,9880,4940,39520,12,2001,0,False,False,False,True,False,False,False,False,False,True,False,False,False,False,False,False,False,True,False,False,False,True,False,False,False,False,False,True,False,False,False,False,False,True,False,False,False,False,False,False,False,True,False,True
140,35,1000,1520.78,0,470538,2,5,0,-42900,5,1,0,2,2860.0,520,260,2080,3,1997,1,False,True,False,False,False,False,True,False,False,False,False,False,False,False,False,True,True,False,False,False,False,False,False,False,True,False,False,True,False,False,False,True,False,False,True,False,False,False,False,False,False,False,False,True
106,28,2000,1609.11,0,601177,2,14,0,0,8,1,2,1,5490.0,0,1220,4270,10,1999,0,False,True,False,False,True,False,True,False,False,False,False,False,False,True,False,False,False,False,True,False,False,False,True,False,False,False,False,True,False,False,False,False,False,True,False,True,False,False,False,False,False,True,False,True
292,45,1000,1358.91,0,451470,2,7,0,0,4,1,0,2,7370.0,670,1340,5360,11,1997,0,False,False,False,True,True,False,False,False,False,True,False,False,False,False,True,False,False,False,True,False,False,False,False,False,True,False,False,True,False,False,False,False,False,True,False,False,True,False,False,False,True,False,False,False
34,34,500,1295.87,0,438529,8,5,0,0,4,3,1,0,50800.0,5080,5080,40640,1,1997,1,False,True,False,True,False,False,False,False,False,False,True,False,False,False,False,False,False,False,False,False,False,True,False,False,False,False,False,False,False,False,False,False,False,False,True,False,False,False,False,False,False,False,True,False
290,48,500,1161.03,0,469742,0,18,45300,0,20,2,1,1,41520.0,5190,5190,31140,9,2014,0,False,False,True,False,True,False,False,False,False,False,False,True,False,False,False,False,False,False,False,False,False,True,True,False,False,True,False,False,False,False,False,False,True,False,False,False,False,True,False,False,False,False,False,False
182,38,2000,1441.06,0,435534,1,12,53800,-78300,18,1,2,3,89650.0,8150,16300,65200,4,2005,0,False,True,False,True,False,False,False,False,False,True,False,False,False,False,False,False,False,True,False,False,False,True,False,True,False,False,False,True,True,False,False,False,False,False,False,False,False,False,True,False,False,False,False,True
362,55,1000,1097.99,0,442239,7,0,44400,-71500,0,3,0,3,39690.0,0,0,39690,11,1998,0,False,True,False,False,False,False,False,True,False,False,False,False,False,False,True,False,False,False,False,False,True,False,False,True,False,False,False,True,True,False,False,False,False,False,False,True,False,False,False,False,True,False,True,False
143,32,1000,1464.42,0,468986,3,9,79900,0,1,1,2,0,62260.0,5660,5660,50940,10,1995,0,False,False,False,True,False,False,True,False,False,False,False,False,False,False,False,False,False,True,False,False,True,False,False,False,False,False,False,False,False,False,False,True,False,False,False,False,False,False,False,True,False,False,True,False
183,38,500,1543.68,0,606988,9,13,20200,0,17,1,0,1,51920.0,9440,4720,37760,1,2001,1,False,False,True,False,False,False,False,False,False,True,False,True,False,False,False,False,False,True,False,False,False,True,False,False,False,False,False,True,False,False,False,False,False,False,False,True,False,False,False,False,True,False,False,True
254,40,500,1390.89,0,453719,1,3,0,-74400,23,1,2,2,53460.0,9720,4860,38880,13,2009,0,False,False,True,False,True,True,False,False,False,False,False,False,False,False,False,True,False,True,False,True,False,False,True,False,False,False,True,False,True,False,False,False,False,False,False,False,False,False,True,False,False,False,False,False
249,43,2000,1148.58,0,475524,0,9,0,-71200,4,3,2,1,57100.0,5710,5710,45680,6,2014,0,False,True,False,False,False,False,False,False,True,False,False,True,False,False,False,False,False,False,False,False,True,False,False,True,False,True,False,False,False,False,False,True,False,False,False,False,False,False,False,False,False,True,False,True
169,36,500,1616.26,0,617804,3,19,50700,-57600,0,3,2,3,77440.0,14080,7040,56320,4,2004,0,True,False,True,False,True,False,True,False,False,False,False,False,False,False,True,False,False,False,False,True,False,False,False,True,False,False,False,False,True,False,False,False,False,False,False,False,False,False,False,True,True,False,False,False
235,40,500,1398.94,0,613399,2,3,0,0,11,1,1,2,68300.0,6830,13660,47810,11,2003,0,False,False,False,True,True,True,False,False,False,False,False,False,False,False,False,False,False,True,False,False,False,True,True,False,False,False,False,False,True,False,False,False,False,False,False,False,False,False,True,False,True,False,True,False
112,32,1000,1238.92,0,453400,7,0,57800,-53700,4,1,0,2,5060.0,460,920,3680,6,2012,0,False,True,False,True,True,False,False,False,False,False,False,False,True,False,False,False,True,False,False,False,False,False,False,False,True,False,False,False,True,False,False,False,False,False,False,False,False,False,False,False,False,False,False,False
16,32,1000,968.46,0,615767,12,5,50800,-66200,0,3,0,2,59400.0,6600,13200,39600,4,1995,1,False,False,False,False,True,False,False,False,True,False,False,True,False,False,False,False,False,False,False,False,False,True,False,True,False,False,False,False,False,False,False,False,False,True,True,False,False,False,False,False,False,False,False,False
128,31,500,1045.12,0,615311,13,6,0,-28300,2,3,0,2,69930.0,0,15540,54390,5,2013,1,False,False,False,False,False,False,True,False,False,False,False,False,True,False,False,False,False,False,False,False,False,True,False,False,False,False,False,False,True,False,False,False,False,False,False,False,False,False,False,True,True,False,False,False
103,27,1000,1537.33,0,468470,5,2,0,-74800,11,3,1,1,77700.0,7770,15540,54390,7,2008,0,True,False,False,False,False,True,False,False,False,False,False,False,False,False,False,False,False,False,False,True,False,False,True,False,False,False,False,True,True,False,False,False,False,False,False,False,False,False,False,True,False,True,True,False
356,54,500,912.3,0,461383,9,19,58500,-44000,23,3,2,1,68750.0,12500,12500,43750,1,2007,1,False,True,False,True,True,True,False,False,False,False,False,False,False,False,False,True,False,False,False,True,False,False,False,False,False,False,True,False,False,False,False,True,False,False,False,False,True,False,False,False,True,False,False,False
109,29,2000,1007.28,0,457727,0,12,0,0,17,3,1,3,91080.0,16560,16560,57960,7,1995,0,False,True,False,False,False,False,True,False,False,False,False,False,False,False,False,False,False,False,False,False,False,True,True,False,False,False,False,True,True,False,False,False,False,False,False,False,False,False,True,False,True,False,False,True
2,20,1000,1189.98,0,613327,2,9,0,-54700,22,1,1,3,48360.0,4030,8060,36270,1,2000,0,True,False,False,True,False,False,True,False,False,False,False,False,True,False,False,False,False,True,False,False,False,True,True,False,False,False,True,False,False,False,False,False,False,True,True,False,False,False,False,False,True,False,False,True
198,34,1000,1576.41,0,614941,5,11,0,-55100,18,1,1,1,95000.0,9500,9500,76000,5,2001,0,False,True,True,False,True,False,False,False,False,False,False,False,True,False,False,False,False,True,False,False,False,True,False,False,False,False,True,False,False,False,False,False,False,True,False,True,False,False,False,False,False,True,False,True
107,32,500,1172.82,0,440680,6,19,82100,0,8,1,1,3,3900.0,780,390,2730,5,2010,0,False,True,False,False,True,False,False,False,False,False,False,False,True,False,False,False,False,False,True,False,False,False,False,False,True,False,False,True,False,False,False,True,False,False,False,False,False,False,False,False,False,False,True,False
252,39,500,1312.22,0,609949,13,6,0,-33300,15,3,0,3,59400.0,11880,5940,41580,7,2010,1,False,False,False,True,True,False,True,False,False,False,False,False,True,False,False,False,False,False,False,True,False,False,True,False,False,False,True,False,False,False,False,False,False,False,False,False,False,False,True,False,False,False,True,False
303,43,1000,671.01,0,479655,6,4,42900,-61500,20,1,2,0,60210.0,6690,6690,46830,9,2013,0,False,True,False,True,False,False,False,False,False,False,False,False,True,False,False,False,False,True,False,False,True,False,True,False,False,True,False,False,False,False,False,False,False,False,False,False,False,False,False,True,False,False,False,False
101,32,500,895.14,0,439964,11,18,52600,-30400,4,1,0,3,43600.0,8720,4360,30520,11,2010,0,False,False,True,False,True,False,False,True,False,False,False,False,True,False,False,False,False,True,False,True,False,False,True,False,False,False,False,False,False,False,False,True,False,False,True,False,False,False,False,False,False,False,False,True
446,57,2000,1373.21,0,478486,0,17,42700,-64900,10,3,0,0,62800.0,6280,12560,43960,7,2012,0,True,False,False,False,True,True,False,False,False,False,False,False,False,False,True,False,False,False,False,True,False,False,False,True,False,False,False,True,False,False,False,True,False,False,False,False,False,True,False,False,True,False,True,False
330,48,1000,1625.65,0,466498,4,16,0,0,10,1,1,3,59500.0,11900,5950,41650,4,2006,0,False,True,True,False,True,True,False,False,False,False,False,False,False,False,False,False,False,True,False,False,False,True,False,False,False,False,False,False,False,False,False,False,True,False,False,False,False,False,False,True,False,True,False,False
211,37,2000,1295.63,0,430878,1,16,42200,-33800,22,3,1,0,53460.0,5940,5940,41580,6,2009,0,False,True,True,False,False,False,False,False,False,False,True,True,False,False,False,False,False,False,False,True,False,False,False,True,False,False,False,True,False,False,False,False,False,True,False,False,True,False,False,False,False,True,False,False
172,33,1000,1459.96,0,600127,0,15,41300,-42000,15,3,0,1,41690.0,7580,7580,26530,10,1999,0,False,False,False,False,False,False,True,False,False,False,False,False,False,False,False,True,False,False,False,False,False,True,False,True,False,False,False,False,True,False,False,False,False,False,False,False,True,False,False,False,True,False,True,False
316,46,500,1219.94,0,431968,9,13,0,-51000,13,1,0,1,63100.0,6310,12620,44170,0,2000,0,False,True,False,False,False,False,False,False,False,True,False,False,False,False,False,True,False,True,False,False,False,True,True,False,False,False,False,False,True,False,False,False,False,False,False,False,False,False,False,False,False,False,False,True
435,60,500,1064.49,0,462804,8,5,73500,-43300,23,1,2,1,62880.0,5240,10480,47160,8,2007,1,False,True,False,True,True,False,False,False,False,False,False,False,True,False,False,False,False,True,False,True,False,False,False,True,False,False,False,False,False,False,False,False,False,True,False,False,False,False,False,False,True,False,False,False
344,51,1000,959.83,0,435809,11,13,0,-38700,18,3,2,2,75400.0,17400,11600,46400,2,2006,1,False,False,False,False,False,False,False,False,False,True,False,True,False,False,False,False,False,False,False,False,False,True,False,False,False,True,False,False,True,False,False,False,False,False,False,False,True,False,False,False,False,False,False,True
204,40,2000,1767.02,0,453193,6,10,0,-49300,7,1,1,1,46200.0,4200,8400,33600,1,1997,0,False,True,True,False,True,False,False,True,False,False,False,False,False,False,False,False,False,True,False,False,True,False,False,True,False,False,False,False,False,False,False,True,False,False,False,False,False,False,False,False,False,True,True,False
278,47,500,1285.01,0,459630,6,17,0,-39800,21,1,2,2,58500.0,5850,5850,46800,12,2010,0,True,False,False,True,True,False,False,False,False,True,False,True,False,False,False,False,False,True,False,False,True,False,False,False,False,False,False,False,False,False,False,False,True,False,False,True,False,False,False,False,True,False,False,True
434,57,2000,1422.95,0,608982,13,3,0,0,15,3,1,3,66240.0,11040,11040,44160,9,2003,0,False,True,False,True,True,False,False,True,False,False,False,False,False,False,False,False,False,False,False,False,True,False,False,False,False,False,True,False,False,False,False,True,False,False,True,False,False,False,False,False,True,False,True,False
209,36,2000,1223.39,0,452218,2,4,0,0,17,3,1,3,65440.0,8180,8180,49080,7,2014,0,True,False,False,False,False,False,False,False,True,False,False,False,False,False,False,True,False,False,False,False,True,False,False,True,False,False,False,False,False,False,True,False,False,False,False,True,False,False,False,False,False,False,False,False
250,43,2000,1539.06,0,434150,11,8,37800,0,2,1,0,3,64200.0,10700,10700,42800,5,2002,0,False,False,False,True,True,False,False,False,False,True,False,False,True,False,False,False,False,True,False,True,False,False,True,False,False,True,False,False,False,False,False,True,False,False,False,True,False,False,False,False,True,False,False,False
61,25,2000,988.06,0,460579,7,7,0,0,1,3,1,0,32320.0,4040,4040,24240,4,2000,0,True,False,False,False,False,False,False,False,False,True,False,True,False,False,False,False,False,False,False,False,True,False,True,False,False,False,False,False,False,False,False,False,False,True,False,False,True,False,False,False,False,True,True,False
80,28,1000,1740.57,0,442142,4,9,0,-18600,3,1,0,1,33480.0,3720,3720,26040,4,2011,0,False,False,False,True,False,True,False,False,False,False,False,False,False,False,False,True,False,True,False,False,True,False,False,False,False,False,False,True,False,False,False,True,False,False,False,False,True,False,False,False,False,False,False,False
25,38,1000,1540.91,0,608807,0,14,40900,0,0,1,1,1,4320.0,480,960,2880,12,1995,0,False,True,True,False,True,True,False,False,False,False,False,False,False,False,False,True,False,False,True,False,False,False,False,False,True,False,False,True,False,False,False,False,True,False,False,False,True,False,False,False,True,False,False,True
4,29,500,1381.88,0,433153,12,8,0,-77800,4,1,0,2,4200.0,840,420,2940,7,2008,0,False,False,True,False,True,False,True,False,False,False,False,False,True,False,False,False,False,False,True,False,False,False,False,False,True,False,False,True,False,False,False,True,False,False,False,True,False,False,False,False,True,False,False,False
32,29,500,1446.98,0,436560,0,17,0,-45700,11,3,2,0,57970.0,10540,5270,42160,10,2006,0,False,True,False,False,True,False,False,False,True,False,False,False,False,True,False,False,False,False,False,True,False,False,True,False,False,False,False,False,True,False,False,False,False,False,False,False,False,False,False,False,False,True,True,False
125,31,500,1220.86,0,436784,7,13,55400,-40400,4,1,1,2,4320.0,0,960,3360,10,2003,0,True,False,False,True,True,False,False,True,False,False,False,False,False,False,False,False,True,False,False,False,False,False,False,False,True,False,False,False,True,False,False,False,False,False,False,False,False,False,False,False,False,True,False,False
276,45,500,948.1,0,430621,6,15,44500,-61400,11,3,0,2,69300.0,13860,6930,48510,5,2010,0,False,False,False,True,False,False,True,False,False,False,False,False,False,False,False,True,False,False,False,True,False,False,True,False,False,True,False,False,False,False,False,True,False,False,True,False,False,False,False,False,False,False,False,False
148,30,500,1471.24,0,601574,4,4,57500,-93600,4,3,2,2,32480.0,4060,4060,24360,4,1997,0,False,True,False,False,False,False,False,False,False,True,False,False,False,True,False,False,False,False,False,False,False,True,True,False,False,False,False,True,False,False,False,False,False,False,False,False,False,False,True,False,True,False,True,False
222,38,2000,1157.97,0,433853,6,10,0,-64500,20,1,2,2,60480.0,6720,6720,47040,0,2001,0,True,False,False,False,True,False,False,False,True,False,False,True,False,False,False,False,False,True,False,True,False,False,False,True,False,False,False,True,True,False,False,False,False,False,False,True,False,False,False,False,False,False,False,True
32,38,2000,600.4762499999999,0,453164,1,14,0,0,22,1,0,0,2640.0,440,440,1760,6,2015,0,False,False,True,False,True,False,False,False,False,False,False,False,False,False,True,False,True,False,False,False,False,False,False,False,True,False,False,True,False,False,False,False,False,False,False,False,False,False,False,True,False,True,True,False
78,27,500,1060.88,0,613931,7,16,0,-66500,4,1,0,3,6050.0,550,1100,4400,13,2009,0,False,True,False,True,True,False,False,True,False,False,False,False,True,False,False,False,True,False,False,False,False,False,False,False,True,False,False,True,False,False,False,True,False,False,False,False,True,False,False,False,True,False,True,False
238,43,1000,1524.45,0,607458,5,5,0,-44800,21,4,0,0,42700.0,4270,4270,34160,10,1995,1,False,True,True,False,True,False,True,False,False,False,False,False,False,False,False,True,False,False,False,False,True,False,False,True,False,False,False,False,False,False,False,False,False,False,False,True,False,False,False,False,True,False,True,False
313,47,1000,1556.17,0,463835,9,15,63900,-53300,20,1,1,3,40260.0,3660,7320,29280,0,1996,1,True,False,True,False,True,True,False,False,False,False,False,False,False,False,False,True,False,True,False,True,False,False,False,False,False,False,False,False,False,False,False,True,False,False,False,True,False,False,False,False,False,True,True,False
334,50,500,1216.24,0,613945,8,14,26700,-47200,7,1,2,0,50000.0,5000,10000,35000,3,2008,0,False,True,False,True,True,False,False,False,False,True,False,False,False,False,False,True,False,True,False,False,True,False,False,False,False,True,False,False,True,False,False,False,False,False,True,False,False,False,False,False,True,False,False,False
190,35,500,1484.72,0,432699,12,9,0,0,4,1,0,1,3840.0,640,320,2880,10,1998,0,True,False,True,False,False,False,True,False,False,False,False,False,False,False,False,False,True,False,False,False,False,False,False,False,True,True,False,False,True,False,False,False,False,False,False,False,False,False,True,False,True,False,True,False
194,41,500,1203.81,0,613119,13,18,52500,-51300,17,3,0,2,95900.0,13700,20545,61650,10,1999,0,False,False,True,False,True,False,False,True,False,False,False,True,False,False,False,False,False,False,False,False,True,False,True,False,False,False,False,True,False,False,False,False,False,True,False,False,False,False,False,True,False,False,False,False
290,47,1000,1393.34,0,472922,3,3,0,-61400,20,3,1,3,56160.0,6240,12480,37440,1,2002,0,True,False,True,False,True,False,True,False,False,False,False,False,True,False,False,False,False,False,False,False,False,True,True,False,False,False,False,False,False,False,False,False,False,True,False,False,True,False,False,False,False,True,False,True
26,42,1000,1484.48,0,613849,1,17,50700,-36300,10,1,2,3,63030.0,5730,11460,45840,10,1996,0,False,True,False,False,True,False,False,False,False,False,True,True,False,False,False,False,False,True,False,False,False,True,False,False,False,False,False,True,False,False,False,True,False,False,False,False,False,False,True,False,True,False,False,False
254,41,500,1581.27,0,603827,5,16,42200,-48000,8,1,2,2,63470.0,5770,11540,46160,2,1999,0,False,False,True,False,False,False,False,False,False,False,True,False,False,True,False,False,False,True,False,True,False,False,True,False,False,False,False,True,True,False,False,False,False,False,False,False,False,False,True,False,False,True,True,False
199,38,1000,1281.25,0,467780,12,12,0,-53100,6,1,0,2,44440.0,8080,4040,32320,2,2007,1,False,False,True,False,False,False,True,False,False,False,False,False,True,False,False,False,False,True,False,True,False,False,False,False,False,False,False,True,False,False,False,False,False,True,True,False,False,False,False,False,False,False,True,False
137,35,500,1667.83,0,460586,9,13,48500,-67400,4,1,1,1,6600.0,1200,1200,4200,7,2005,0,True,False,True,False,True,False,False,True,False,False,False,False,False,False,False,False,True,False,False,False,False,False,True,False,False,False,False,True,False,False,False,False,False,True,False,False,False,True,False,False,False,True,True,False
134,36,1000,1497.41,0,613842,6,11,14100,-44500,17,3,2,0,77200.0,9650,9650,57900,5,1996,0,False,True,True,False,True,False,False,False,False,False,True,False,False,False,False,False,False,False,False,False,False,True,True,False,False,False,False,False,False,False,False,False,False,True,False,False,False,True,False,False,True,False,False,True
73,30,500,803.36,0,435371,10,15,0,0,15,3,0,0,57000.0,0,11400,45600,1,2013,0,False,True,False,False,False,False,True,False,False,False,False,False,False,False,False,False,False,False,False,False,True,False,False,True,False,False,True,False,False,False,False,False,False,True,False,False,False,False,False,True,False,False,False,True
289,45,2000,1221.41,0,466289,4,12,46700,-72500,9,1,2,1,2700.0,300,300,2100,6,2006,0,False,True,True,False,False,False,False,False,False,True,False,False,False,False,False,True,False,False,True,False,False,False,False,False,True,False,False,True,False,False,False,False,False,True,False,False,False,False,True,False,True,False,True,False
176,36,500,1865.83,0,436173,13,11,32800,-50600,17,1,2,1,47300.0,4300,8600,34400,13,2006,0,False,True,True,False,True,True,False,False,False,False,False,False,False,False,True,False,False,True,False,False,True,False,False,True,False,False,False,True,False,False,False,False,False,True,False,True,False,False,False,False,False,False,False,True
145,37,2000,1434.27,0,457234,12,17,0,-35900,13,1,2,3,55110.0,5010,10020,40080,9,2002,0,False,True,True,False,False,False,False,False,False,False,False,False,False,False,True,False,False,True,False,False,True,False,False,False,False,False,True,False,False,False,False,False,True,False,False,False,False,False,False,False,False,False,False,False
164,31,500,1114.68,0,474758,7,15,44500,-55900,5,1,1,0,4320.0,480,480,3360,8,2002,0,True,False,False,True,False,False,False,False,False,False,False,False,False,False,False,False,False,False,True,False,False,False,False,False,True,False,False,True,False,False,False,True,False,False,False,False,False,False,False,True,False,True,True,False
186,38,2000,1218.56,0,477373,13,18,39300,-60300,23,3,2,2,68760.0,11460,5730,51570,10,1998,1,False,True,True,False,False,False,False,False,False,True,False,False,False,False,False,False,False,False,False,True,False,False,False,True,False,False,False,True,False,False,False,False,True,False,False,False,False,False,False,False,False,True,False,False
85,31,2000,1234.69,0,613471,12,13,0,0,1,2,2,1,74400.0,14880,7440,52080,2,2003,1,False,False,True,False,False,False,False,False,True,False,False,False,False,False,False,False,False,False,False,True,False,False,False,False,False,False,True,False,False,False,False,False,False,True,False,False,False,False,False,False,True,False,False,False
162,33,500,964.92,0,601581,3,0,45700,0,17,4,2,1,35300.0,3530,3530,28240,8,1996,1,False,True,True,False,False,False,False,False,False,False,False,False,True,False,False,False,False,False,False,False,True,False,False,False,False,True,False,False,True,False,False,False,False,False,False,True,False,False,False,False,True,False,True,False
396,57,500,1351.72,0,612102,12,4,0,-49400,3,1,1,3,2640.0,480,480,1680,13,2000,0,False,False,False,True,True,False,True,False,False,False,False,False,False,False,False,True,True,False,False,False,False,False,True,False,False,True,False,False,True,False,False,False,False,False,False,False,False,False,False,True,False,True,False,False
270,41,1000,817.28,0,460263,11,6,62200,0,17,3,1,1,60190.0,4630,9260,46300,8,2014,1,False,False,True,False,True,False,True,False,False,False,False,False,False,False,True,False,False,False,False,False,True,False,False,True,False,False,False,False,False,False,False,True,False,False,True,False,False,False,False,False,False,False,True,False
168,39,1000,1389.59,0,479134,6,8,0,-42600,23,3,1,3,41580.0,3780,7560,30240,3,2015,1,False,False,False,True,False,False,False,False,False,True,False,False,False,True,False,False,False,False,False,False,True,False,False,False,False,True,False,False,True,False,False,False,False,False,False,False,True,False,False,False,False,True,True,False
274,45,1000,1353.53,0,451467,12,6,54700,-47900,13,1,0,0,58500.0,11700,0,46800,0,1995,1,True,False,True,False,False,False,False,True,False,False,False,False,False,False,True,False,False,True,False,False,False,True,True,False,False,False,False,False,True,False,False,False,False,False,True,False,False,False,False,False,False,True,True,False
263,43,1000,1294.04,0,602670,5,12,0,0,17,1,2,3,79320.0,13220,6610,59490,9,1997,0,True,False,False,True,False,False,False,False,False,True,False,True,False,False,False,False,False,True,False,False,True,False,True,False,False,True,False,False,False,False,False,True,False,False,False,False,False,False,True,False,False,True,False,True
152,33,1000,840.81,0,613607,4,5,0,0,2,1,0,2,82610.0,7510,7510,67590,5,2002,1,False,True,False,False,False,False,True,False,False,False,False,False,False,False,False,False,False,True,False,False,True,False,True,False,False,False,False,False,True,False,False,False,False,False,False,False,False,False,False,False,False,True,False,False
46,41,2000,998.19,0,611556,8,18,43700,-66300,23,3,1,3,78600.0,13100,19650,45850,4,2004,1,False,True,False,False,False,False,False,False,True,False,False,False,False,False,False,False,False,False,False,False,True,False,False,True,False,False,False,False,False,False,False,True,False,False,False,True,False,False,False,False,True,False,False,False
276,46,2000,1090.32,0,435518,5,5,0,-70400,17,1,1,2,51390.0,5710,5710,39970,13,2007,1,False,True,False,False,True,True,False,False,False,False,False,False,False,False,False,False,False,True,False,True,False,False,True,False,False,False,False,False,False,False,False,True,False,False,True,False,False,False,False,False,True,False,False,False
234,44,500,1780.67,0,465942,7,8,0,0,3,1,1,0,70200.0,7020,7020,56160,5,2012,1,True,False,False,True,True,False,False,False,False,False,False,False,True,False,False,False,False,True,False,False,False,True,False,False,False,False,False,False,False,False,False,False,False,False,False,False,False,False,False,True,True,False,True,False
64,30,2000,1681.01,0,446174,10,0,0,-51100,16,1,2,1,4900.0,490,1470,2940,7,2015,0,False,False,True,False,True,False,False,True,False,False,False,False,False,True,False,False,True,False,False,False,False,False,True,False,False,False,False,False,False,False,False,True,False,False,False,False,False,False,True,False,True,False,True,False
456,62,1000,1395.77,0,611651,10,5,82600,-49500,13,3,1,3,66480.0,5540,11080,49860,10,2012,1,False,True,True,False,False,False,False,False,True,False,False,False,False,True,False,False,False,False,False,False,False,True,False,False,False,False,True,False,False,False,True,False,False,False,False,True,False,False,False,False,False,False,True,False
58,23,2000,1471.44,0,446657,13,15,57500,0,8,1,2,1,50380.0,4580,9160,36640,3,2007,1,False,True,False,True,True,False,True,False,False,False,False,False,False,True,False,False,False,True,False,False,True,False,False,False,False,True,False,False,False,False,False,False,False,False,False,False,False,False,True,False,True,False,True,False
475,61,500,1265.72,0,612506,5,13,0,-59500,23,1,0,2,64350.0,9900,9900,44550,8,1998,0,False,False,False,True,False,False,False,False,False,True,False,False,False,False,False,True,False,True,False,True,False,False,False,False,False,True,False,False,False,False,False,True,False,False,True,False,False,False,False,False,False,True,False,False
96,29,1000,1274.7,0,618493,9,10,47500,-58700,15,3,2,3,55400.0,5540,11080,38780,3,2004,1,True,False,True,False,True,True,False,False,False,False,False,False,True,False,False,False,False,False,False,False,True,False,False,False,False,False,False,False,False,False,False,False,False,False,False,False,False,False,False,True,False,True,False,True
99,28,500,1330.39,0,612664,9,1,0,0,3,1,2,2,49900.0,4990,9980,34930,4,1998,0,False,True,False,False,True,False,False,False,True,False,False,False,False,False,False,True,False,True,False,True,False,False,False,True,False,False,True,False,True,False,False,False,False,False,True,False,False,False,False,False,True,False,False,True
38,28,500,1122.95,0,473653,8,9,78000,0,4,3,0,3,74880.0,12480,12480,49920,0,2000,0,False,True,False,True,True,False,False,False,False,True,False,False,True,False,False,False,False,False,False,False,False,True,True,False,False,False,False,False,False,False,False,False,False,True,False,False,False,True,False,False,True,False,False,True
259,44,2000,1655.79,0,454529,3,8,0,0,8,1,0,0,105820.0,16280,16280,73260,1,2002,0,False,True,True,False,False,False,False,False,False,True,False,False,False,False,False,False,False,True,False,True,False,False,True,False,False,False,True,False,True,False,False,False,False,False,False,False,True,False,False,False,False,True,False,True
241,43,1000,935.77,0,437422,9,9,0,-36000,21,1,1,0,7150.0,1300,650,5200,13,2003,0,True,False,True,False,True,False,False,False,False,False,False,False,False,True,False,False,False,False,True,False,False,False,False,False,True,False,False,True,False,False,True,False,False,False,False,False,True,False,False,False,True,False,False,True
437,58,2000,1192.04,0,619470,2,7,66100,-31400,23,1,0,0,55800.0,11160,11160,33480,4,2004,0,True,False,False,True,True,False,False,False,False,False,False,False,False,True,False,False,False,True,False,True,False,False,False,True,False,False,False,False,False,False,False,True,False,False,False,False,False,True,False,False,False,True,True,False
130,34,500,990.11,0,442666,11,11,0,-41200,8,1,1,3,5830.0,1060,1060,3710,4,2015,0,False,True,False,False,True,False,False,False,False,True,False,False,True,False,False,False,True,False,False,False,False,False,False,False,True,False,False,False,True,False,False,False,False,False,False,False,False,False,True,False,False,False,False,True
269,41,2000,1422.21,0,620507,5,14,0,-46400,21,1,2,1,85900.0,17180,17180,51540,11,2005,1,False,True,False,False,False,False,False,False,False,False,False,False,False,False,True,False,False,True,False,False,False,True,False,False,False,False,False,False,False,False,False,False,False,True,False,False,False,False,True,False,False,True,True,False
103,29,500,914.85,0,614867,9,0,72100,0,5,1,2,3,7110.0,790,1580,4740,0,2005,0,False,True,False,True,True,False,False,False,False,False,False,False,True,False,False,False,True,False,False,False,False,False,True,False,False,False,False,True,False,True,False,False,False,False,True,False,False,False,False,False,True,False,True,False
284,43,500,1123.84,0,609898,9,11,48200,0,12,3,0,0,36960.0,6720,3360,26880,3,2007,0,False,False,True,False,True,False,False,False,False,False,True,False,True,False,False,False,False,False,False,False,False,True,False,True,False,True,False,False,False,False,False,False,False,True,True,False,False,False,False,False,True,False,False,True
189,39,2000,838.02,0,450702,12,12,0,0,7,3,2,0,64400.0,6440,6440,51520,4,1997,0,False,True,True,False,False,True,False,False,False,False,False,False,False,True,False,False,False,False,False,False,True,False,True,False,False,False,False,True,False,False,False,False,True,False,False,False,False,True,False,False,False,False,False,True
267,43,500,1300.68,0,600418,0,17,49000,0,0,1,1,3,1920.0,480,0,1440,3,2011,0,False,True,True,False,True,False,False,False,False,False,True,False,False,False,True,False,True,False,False,False,False,False,True,False,False,False,False,True,False,False,False,False,False,False,False,False,True,False,False,False,True,False,False,True
39,22,500,1173.21,0,431202,4,14,0,0,14,1,0,1,86130.0,15660,7830,62640,11,2009,1,True,False,False,True,True,False,False,True,False,False,False,True,False,False,False,False,False,True,False,False,True,False,False,False,False,False,False,True,False,False,False,True,False,False,False,False,True,False,False,False,False,True,False,True
140,32,1000,985.97,0,457793,10,6,0,0,13,1,2,3,82170.0,14940,7470,59760,3,1995,1,False,False,True,False,False,True,False,False,False,False,False,False,True,False,False,False,False,True,False,False,False,True,False,False,False,True,False,False,False,False,False,False,True,False,False,False,False,True,False,False,False,False,False,False
243,41,1000,1129.23,0,470190,4,4,17300,-60400,1,1,1,0,50300.0,10060,5030,35210,11,1999,1,True,False,False,False,False,True,False,False,False,False,False,False,False,True,False,False,False,True,False,True,False,False,False,False,False,True,False,False,False,False,False,False,False,True,False,True,False,False,False,False,False,False,False,True
116,31,500,1194.83,0,603733,9,4,28600,0,23,1,0,0,44200.0,4420,8840,30940,11,1997,0,True,False,True,False,False,False,False,False,True,False,False,False,False,False,False,False,False,True,False,False,False,True,False,False,False,False,False,True,False,False,False,True,False,False,False,False,False,False,True,False,True,False,True,False
219,43,1000,1114.29,0,465136,13,14,51300,0,1,1,2,2,66660.0,6060,6060,54540,12,2006,0,True,False,False,False,False,False,True,False,False,False,False,False,True,False,False,False,False,True,False,False,False,True,False,False,False,False,False,False,False,False,False,False,True,False,False,False,False,True,False,False,False,False,False,True
96,26,2000,1509.04,0,611723,9,3,10000,0,9,1,2,3,78320.0,7120,14240,56960,10,2007,0,False,True,True,False,False,False,False,False,False,False,False,False,False,False,False,False,False,True,False,True,False,False,False,True,False,False,False,False,False,False,False,True,False,False,False,False,False,False,True,False,False,True,True,False
149,34,500,664.86,0,608963,2,16,0,-60000,3,1,0,1,105040.0,16160,16160,72720,4,1999,0,True,False,True,False,False,False,False,False,False,False,True,False,False,False,False,True,False,True,False,False,True,False,False,True,False,True,False,False,False,False,False,False,False,True,True,False,False,False,False,False,False,False,True,False
246,43,1000,1267.4,0,454139,0,1,0,0,0,1,2,1,50700.0,5070,5070,40560,0,2006,0,True,False,True,False,True,False,False,True,False,False,False,False,False,False,False,False,False,True,False,False,False,True,True,False,False,True,False,False,True,False,False,False,False,False,False,True,False,False,False,False,True,False,False,False
293,45,1000,1119.23,0,447560,3,8,51500,0,13,3,1,1,51210.0,11380,5690,34140,7,2015,0,False,False,False,False,False,False,False,False,True,False,False,False,False,False,True,False,False,False,False,True,False,False,False,True,False,True,False,False,False,False,False,False,False,True,False,False,True,False,False,False,True,False,True,False
339,48,500,1698.51,0,444378,7,7,0,0,18,3,2,1,51840.0,8640,8640,34560,13,2001,0,False,True,False,False,True,False,False,True,False,False,False,False,False,False,True,False,False,False,False,False,True,False,False,True,False,True,False,False,False,False,False,True,False,False,False,True,False,False,False,False,True,False,False,False
160,33,1000,1422.78,0,616583,3,8,61600,0,17,3,2,3,52800.0,5280,5280,42240,9,2006,0,False,False,False,True,False,False,True,False,False,False,False,False,False,False,False,False,False,False,False,True,False,False,False,True,False,False,False,False,False,False,False,False,False,False,False,False,False,False,True,False,False,False,False,True
224,42,500,1212.75,0,455913,9,11,0,-51400,11,1,0,0,55200.0,9200,13800,32200,6,1998,0,False,True,False,True,False,True,False,False,False,False,False,False,False,True,False,False,False,True,False,True,False,False,True,False,False,True,False,False,False,False,False,False,False,True,False,False,False,False,False,True,False,False,False,True
194,34,1000,1423.34,0,454399,11,4,55300,-37900,0,1,0,3,9100.0,1400,1400,6300,3,2003,0,True,False,False,False,True,False,False,False,False,False,False,True,False,False,False,False,False,False,True,False,False,False,True,False,False,True,False,False,False,False,False,False,False,True,False,False,False,False,True,False,False,True,True,False
385,51,1000,976.37,0,602842,2,15,0,-61000,14,3,1,3,67600.0,13520,6760,47320,11,2007,0,True,False,True,False,False,False,False,False,True,False,False,False,False,False,False,False,False,False,False,False,True,False,True,False,False,False,True,False,False,False,False,False,False,True,False,False,False,False,True,False,False,False,False,False
100,33,500,1124.59,0,459428,0,9,67300,0,4,1,1,2,40800.0,6800,6800,27200,2,2004,0,False,True,True,False,True,True,False,False,False,False,False,True,False,False,False,False,False,True,False,False,True,False,True,False,False,False,True,False,False,False,False,False,False,False,True,False,False,False,False,False,True,False,True,False
371,50,1000,1569.33,0,613114,6,2,79600,0,2,3,2,1,84500.0,13000,13000,58500,13,2011,1,True,False,True,False,True,False,False,False,False,False,True,True,False,False,False,False,False,False,False,False,False,True,False,False,False,False,True,False,False,False,False,False,False,True,False,False,False,False,False,True,True,False,False,True
175,39,500,1359.36,0,450709,3,10,0,-43600,9,3,2,2,71610.0,13020,6510,52080,12,2012,1,True,False,False,True,True,False,False,False,False,False,True,False,False,False,False,False,False,False,False,True,False,False,False,False,False,False,True,False,False,False,False,True,False,False,False,False,False,False,False,False,False,True,False,True
373,55,500,1607.36,0,444626,11,19,0,0,21,4,0,2,60600.0,6060,12120,42420,4,2007,1,True,False,True,False,True,False,False,False,True,False,False,False,False,True,False,False,False,False,False,False,True,False,False,False,False,False,True,False,False,False,False,True,False,False,False,False,False,False,False,False,False,False,True,False
258,41,500,1042.25,0,601206,3,15,0,-44400,0,3,2,3,81240.0,6770,20310,54160,8,2008,1,False,False,False,False,True,False,False,False,False,True,False,False,False,False,True,False,False,False,False,False,True,False,False,False,False,True,False,False,False,False,False,False,False,False,False,False,False,False,True,False,True,False,True,False
255,39,500,1453.95,0,470389,1,3,38200,0,17,3,0,3,29300.0,2930,5860,20510,1,2010,0,False,True,True,False,False,False,False,False,False,False,True,True,False,False,False,False,False,False,False,False,False,True,False,True,False,True,False,False,False,False,False,False,False,True,False,False,False,False,False,True,False,True,True,False
37,31,500,1904.8262500000003,0,615218,11,16,0,0,21,3,1,1,76450.0,6950,13900,55600,4,1995,0,False,False,False,True,False,False,False,False,True,False,False,False,False,True,False,False,False,False,False,False,False,True,False,True,False,True,False,False,False,False,False,False,False,True,False,False,True,False,False,False,True,False,False,True
322,44,1000,1156.19,0,606249,6,6,49900,-62700,20,3,0,3,49400.0,9880,4940,34580,7,2010,0,False,False,False,False,False,True,False,False,False,False,False,False,False,False,False,False,False,False,False,False,False,True,False,False,False,True,False,False,True,False,False,False,False,False,False,False,False,True,False,False,False,True,False,False
204,38,2000,1124.47,0,616161,12,11,0,-45100,5,1,0,1,90530.0,16460,16460,57610,5,2003,0,False,False,False,False,False,False,False,False,True,False,False,False,False,False,False,True,False,True,False,False,False,True,False,True,False,False,False,False,False,False,False,True,False,False,False,False,False,True,False,False,True,False,False,False
76,31,500,1493.5,0,442335,8,12,39900,-44000,7,1,2,1,8030.0,1460,730,5840,8,1995,0,False,True,False,True,False,False,False,False,False,False,False,True,False,False,False,False,False,False,True,False,False,False,True,False,False,False,False,True,False,False,False,False,False,True,False,False,False,True,False,False,True,False,True,False
193,40,500,1155.38,0,604952,5,12,34200,-32300,6,1,0,0,63900.0,6390,6390,51120,0,2001,0,False,False,False,False,False,False,False,False,False,False,True,True,False,False,False,False,False,True,False,False,False,True,True,False,False,True,False,False,True,False,False,False,False,False,True,False,False,False,False,False,True,False,False,True
405,55,500,878.19,0,441533,6,9,57100,0,2,4,0,2,38640.0,4830,4830,28980,3,1997,0,False,False,True,False,True,False,False,False,False,False,True,False,False,False,True,False,False,False,False,False,True,False,True,False,False,True,False,False,False,False,False,False,False,False,False,False,True,False,False,False,False,True,True,False
435,58,2000,1145.85,0,471784,11,12,0,-40000,19,3,1,1,41490.0,9220,4610,27660,8,2004,0,True,False,False,False,True,False,False,True,False,False,False,True,False,False,False,False,False,False,False,False,True,False,False,True,False,False,True,False,True,False,False,False,False,False,True,False,False,False,False,False,False,False,False,True
54,35,500,1261.28,0,453265,10,10,68500,-42100,21,3,2,0,79090.0,14380,7190,57520,9,2012,0,True,False,False,False,False,False,False,False,True,False,False,False,False,False,True,False,False,False,False,False,False,True,True,False,False,True,False,False,False,False,False,False,True,False,False,False,False,False,False,True,False,True,False,False
144,35,500,1427.46,0,444922,6,6,0,0,3,3,0,0,87900.0,17580,8790,61530,4,1995,0,False,False,False,False,True,False,True,False,False,False,False,False,False,False,False,True,False,False,False,False,False,True,False,False,False,False,False,True,False,False,False,False,False,True,False,False,False,False,False,True,False,False,False,False
92,32,500,1592.41,0,474324,9,19,58900,-29100,22,1,2,3,53400.0,5340,5340,42720,7,1996,0,False,False,False,True,True,False,False,False,False,True,False,False,False,False,False,False,False,True,False,False,True,False,False,True,False,False,False,False,False,False,False,False,False,True,True,False,False,False,False,False,False,False,False,True
173,36,1000,1274.63,0,441298,6,1,51000,0,22,1,2,3,52030.0,9460,9460,33110,0,1995,0,False,True,True,False,True,True,False,False,False,False,False,False,False,False,True,False,False,True,False,False,True,False,False,True,False,True,False,False,False,False,False,True,False,False,False,False,False,False,False,True,False,True,True,False
436,60,500,1362.31,0,446606,9,3,67600,-65300,16,1,0,2,82060.0,14920,7460,59680,10,2005,0,True,False,True,False,True,False,True,False,False,False,False,False,False,False,False,True,False,True,False,True,False,False,True,False,False,False,False,False,False,False,False,False,True,False,False,False,False,False,False,False,True,False,True,False
155,35,1000,919.37,0,459537,10,10,83600,0,0,1,0,3,48360.0,8060,8060,32240,9,1997,0,False,True,True,False,False,False,False,False,False,False,False,True,False,False,False,False,False,True,False,True,False,False,True,False,False,False,False,False,True,False,False,False,False,False,False,False,False,True,False,False,False,False,False,False
78,31,1000,1377.23,0,440757,1,11,72600,0,1,3,2,1,52290.0,5810,11620,34860,9,1997,0,False,True,True,False,False,False,False,False,False,True,False,False,False,False,True,False,False,False,False,False,False,True,True,False,False,False,True,False,True,False,False,False,False,False,False,True,False,False,False,False,False,False,False,False
440,57,1000,995.55,0,604948,10,13,51500,-52100,19,3,0,3,68200.0,12400,12400,43400,7,2007,1,False,False,False,False,True,True,False,False,False,False,False,False,False,False,False,True,False,False,False,False,True,False,False,False,False,False,False,True,False,False,False,True,False,False,False,False,False,False,False,False,False,True,False,False
264,43,500,1508.12,0,433275,2,1,0,0,0,3,2,1,60750.0,13500,6750,40500,7,2015,1,False,False,False,False,True,False,False,False,False,False,True,False,False,False,False,True,False,False,False,False,True,False,False,False,False,False,True,False,True,False,False,False,False,False,True,False,False,False,False,False,False,False,True,False
66,30,500,600.4762499999999,0,608309,0,13,21100,-60800,2,3,0,2,65560.0,11920,11920,41720,13,2015,1,True,False,False,True,False,True,False,False,False,False,False,False,False,False,False,True,False,False,False,True,False,False,False,False,False,True,False,False,False,False,False,True,False,False,False,False,False,False,False,False,False,False,False,True
366,50,1000,1561.41,0,462767,5,1,21200,0,5,3,1,3,70290.0,12780,12780,44730,8,2012,0,True,False,False,True,False,False,True,False,False,False,False,False,False,False,False,False,False,False,False,False,True,False,True,False,False,False,False,True,True,False,False,False,False,False,False,False,False,False,False,False,False,True,True,False
188,37,500,1457.21,0,471785,0,10,46300,0,6,1,2,0,45000.0,5000,5000,35000,11,2003,0,False,True,False,False,False,False,False,True,False,False,False,False,False,True,False,False,False,True,False,False,True,False,False,True,False,False,False,False,False,False,False,True,False,False,True,False,False,False,False,False,False,False,False,True
224,39,1000,1128.71,0,601397,9,17,0,-47100,21,3,2,1,61800.0,12360,6180,43260,11,2007,0,False,False,False,True,False,False,False,True,False,False,False,False,True,False,False,False,False,False,False,False,True,False,False,True,False,True,False,False,False,False,False,False,True,False,False,False,False,False,True,False,False,True,False,False
253,46,500,1358.2,0,477636,13,12,52900,0,11,3,0,0,64570.0,5870,11740,46960,7,2001,0,False,False,False,False,False,False,False,False,True,False,False,False,False,False,False,False,False,False,False,True,False,False,False,False,False,False,False,False,True,False,False,False,False,False,True,False,False,False,False,False,False,True,True,False
446,61,1000,1232.79,0,441967,0,15,49900,-62100,3,1,2,0,70500.0,7050,14100,49350,11,2007,0,False,False,False,False,False,False,True,False,False,False,False,False,False,False,True,False,False,True,False,False,True,False,True,False,False,False,True,False,False,False,False,False,True,False,False,False,False,False,False,True,False,True,False,True
169,37,1000,936.19,0,454776,1,12,70600,-48500,4,3,2,1,57900.0,17370,5790,34740,1,2005,0,False,False,False,False,True,False,False,True,False,False,False,False,True,False,False,False,False,False,False,False,False,True,False,True,False,False,False,True,False,False,False,True,False,False,False,False,False,True,False,False,False,False,False,True
255,46,500,1302.34,0,431532,9,18,0,-52600,2,3,1,0,57860.0,5260,10520,42080,13,2011,0,False,False,True,False,False,False,False,True,False,False,False,False,False,True,False,False,False,False,False,True,False,False,True,False,False,True,False,False,False,False,False,False,False,True,False,False,False,True,False,False,True,False,True,False
209,39,500,1264.99,0,614169,13,14,67800,0,22,1,1,1,37800.0,8400,4200,25200,3,1995,0,True,False,False,False,True,False,False,False,False,False,True,False,False,False,False,False,False,True,False,False,False,True,True,False,False,True,False,False,False,False,False,False,True,False,False,False,False,True,False,False,False,False,True,False
210,37,500,1467.76,0,601425,12,10,38700,-33100,8,1,1,3,63300.0,6330,6330,50640,12,2000,0,False,True,False,True,False,False,False,False,True,False,False,False,False,True,False,False,False,True,False,True,False,False,False,True,False,False,False,False,True,False,False,False,False,False,False,False,True,False,False,False,False,False,False,True
174,33,2000,1124.43,0,477346,4,13,0,0,14,3,0,1,44200.0,8840,4420,30940,10,1995,0,True,False,True,False,False,True,False,False,False,False,False,False,False,True,False,False,False,False,False,False,True,False,False,True,False,False,False,False,False,False,False,False,False,True,False,False,False,True,False,False,False,True,False,True
70,28,1000,1319.81,0,613587,6,19,67200,-59400,14,4,1,0,31680.0,3520,3520,24640,12,2006,0,False,False,True,False,True,False,True,False,False,False,False,False,False,False,False,False,False,False,False,False,False,True,True,False,False,False,False,True,False,False,False,False,False,True,False,False,False,False,False,False,True,False,False,True
89,32,2000,1482.53,0,620358,12,11,49100,-45100,5,1,1,2,100.0,10,20,70,1,2002,0,True,False,False,False,False,False,False,False,True,False,False,True,False,False,False,False,True,False,False,False,False,False,False,False,True,False,False,True,False,False,False,False,False,True,False,False,False,True,False,False,False,True,False,False
458,61,1000,1328.18,0,617699,10,3,53000,0,18,1,2,1,56340.0,6260,6260,43820,13,2003,0,True,False,False,False,False,False,True,False,False,False,False,False,True,False,False,False,False,True,False,True,False,False,True,False,False,True,False,False,False,False,False,False,False,True,True,False,False,False,False,False,True,False,True,False
239,40,500,1463.95,0,430567,11,16,0,0,20,3,0,0,69740.0,6340,6340,57060,4,2003,0,True,False,False,False,False,False,False,True,False,False,False,False,False,True,False,False,False,False,False,False,True,False,False,True,False,False,False,True,False,False,False,False,False,False,False,False,False,False,False,True,False,False,False,True
161,38,2000,1133.85,0,439870,8,8,60200,0,0,3,2,2,60480.0,5040,15120,40320,13,2003,0,False,False,False,False,True,False,False,False,False,False,True,True,False,False,False,False,False,False,False,True,False,False,False,True,False,False,False,True,False,False,False,False,False,True,False,False,False,False,False,True,False,True,False,True
446,61,1000,1037.32,0,438837,12,16,0,-15700,1,3,2,1,80880.0,6740,13480,60660,9,2005,0,True,False,False,True,False,False,True,False,False,False,False,False,False,False,False,True,False,False,False,False,True,False,True,False,False,False,False,True,False,False,False,False,False,False,False,True,False,False,False,False,False,False,True,False
476,61,1000,1562.8,0,458997,5,7,42800,-68200,10,1,1,2,49390.0,8980,4490,35920,11,2009,0,True,False,True,False,False,False,False,False,False,True,False,True,False,False,False,False,False,True,False,True,False,False,False,True,False,True,False,False,False,False,False,False,False,True,False,True,False,False,False,False,False,False,False,True
70,29,1000,1425.79,0,604147,1,18,62400,-52300,12,1,0,3,69360.0,11560,11560,46240,4,2009,0,True,False,False,False,False,False,False,False,True,False,False,False,True,False,False,False,False,True,False,True,False,False,True,False,False,False,False,False,False,False,False,False,False,False,False,False,False,False,True,False,True,False,False,False
233,41,2000,1615.14,0,606638,12,2,67100,0,6,1,0,1,3740.0,680,680,2380,3,2011,0,False,True,False,True,False,False,False,False,False,False,False,False,True,False,False,False,False,False,True,False,False,False,True,False,False,False,False,False,True,False,False,False,False,False,False,False,False,False,False,True,True,False,False,False
122,33,500,1236.5,0,619620,7,3,0,-48700,1,1,0,1,5060.0,460,920,3680,9,2003,0,False,False,True,False,True,False,False,False,False,False,True,False,False,False,False,False,True,False,False,False,False,False,False,False,True,False,False,False,True,False,False,False,False,False,False,True,False,False,False,False,True,False,True,False
335,48,2000,1017.97,0,441671,6,5,59900,-34800,21,3,0,0,35860.0,3260,6520,26080,2,2005,1,False,False,False,True,False,False,False,False,True,False,False,False,False,False,False,True,False,False,False,True,False,False,False,True,False,False,False,True,False,False,False,False,False,True,True,False,False,False,False,False,True,False,False,True
257,40,2000,1306.0,0,610381,6,6,46100,-46900,3,3,2,1,50050.0,7700,3850,38500,5,2008,1,True,False,False,False,True,False,False,False,False,False,False,False,False,False,False,False,False,False,False,True,False,False,False,False,False,False,False,False,True,False,False,False,False,False,True,False,False,False,False,False,False,True,False,False
85,27,2000,1174.14,0,602416,8,7,50400,-61500,14,4,0,0,59070.0,10740,5370,42960,12,2012,0,False,False,False,True,True,True,False,False,False,False,False,False,False,False,True,False,False,False,False,False,True,False,True,False,False,True,False,False,True,False,False,False,False,False,False,False,True,False,False,False,False,True,True,False
133,30,1000,1231.01,0,459562,0,2,0,-31700,19,3,1,2,28440.0,3160,3160,22120,4,2007,0,True,False,False,True,True,True,False,False,False,False,False,False,False,False,False,False,False,False,False,True,False,False,True,False,False,True,False,False,False,False,False,True,False,False,False,False,False,False,True,False,True,False,False,False
119,34,500,1299.18,0,463271,12,10,57100,0,7,1,2,1,45540.0,8280,8280,28980,6,1998,1,False,False,True,False,False,True,False,False,False,False,False,False,False,False,False,True,False,True,False,True,False,False,False,False,False,True,False,False,False,True,False,False,False,False,False,False,False,False,False,True,False,True,False,True
169,34,500,1469.75,0,458132,11,15,0,-57600,0,1,0,0,38700.0,7740,3870,27090,13,2012,0,True,False,False,False,False,False,False,True,False,False,False,True,False,False,False,False,False,True,False,False,True,False,True,False,False,True,False,False,False,False,False,False,True,False,False,False,False,False,False,False,False,False,False,True
225,39,500,1390.72,0,448949,12,13,83900,-52100,6,1,2,1,5830.0,1060,530,4240,9,2011,0,False,True,True,False,True,False,False,False,False,True,False,False,True,False,False,False,True,False,False,False,False,False,False,False,True,True,False,False,False,False,False,True,False,False,False,False,False,True,False,False,False,True,False,True
84,32,500,1694.09,0,603732,9,6,0,0,0,1,0,2,57240.0,4770,9540,42930,2,1995,1,False,False,False,True,False,False,False,False,False,False,False,False,False,False,False,False,False,True,False,False,True,False,False,True,False,False,True,False,True,False,False,False,False,False,False,False,True,False,False,False,False,True,False,False
169,39,2000,1140.15,0,608929,1,8,0,-36800,9,3,0,3,46200.0,4200,8400,33600,11,2015,0,False,True,False,False,True,False,True,False,False,False,False,False,False,False,False,False,False,False,False,False,True,False,False,True,False,False,False,True,False,False,False,False,True,False,False,False,False,False,True,False,False,True,True,False
124,32,1000,1310.71,0,469875,4,11,29300,0,23,1,0,1,57700.0,5770,5770,46160,12,2003,0,True,False,False,False,False,False,False,False,False,True,False,False,False,False,False,True,False,True,False,False,False,True,False,True,False,False,False,False,True,False,False,False,False,False,True,False,False,False,False,False,False,True,True,False
320,48,2000,1730.49,0,443342,13,10,46300,-41700,13,3,2,0,56160.0,4680,9360,42120,10,1995,0,False,False,True,False,True,True,False,False,False,False,False,True,False,False,False,False,False,False,False,True,False,False,True,False,False,True,False,False,False,False,False,False,False,True,False,False,False,True,False,False,True,False,True,False
297,47,500,1616.65,0,456363,0,12,0,-59500,0,3,0,3,44400.0,5550,5550,33300,7,1999,0,True,False,True,False,True,False,False,False,True,False,False,False,False,False,True,False,False,False,False,False,False,True,False,True,False,True,False,False,False,False,False,False,False,True,True,False,False,False,False,False,False,False,False,True
421,56,500,1904.8262500000003,0,470826,6,15,49500,-81100,7,1,2,3,92730.0,16860,8430,67440,8,2004,1,True,False,False,False,True,False,False,False,False,True,False,False,False,True,False,False,False,True,False,False,True,False,False,False,False,False,False,False,True,False,False,False,False,False,False,True,False,False,False,False,False,False,False,False
136,33,1000,855.14,0,458582,2,13,37900,0,23,1,0,1,30700.0,3070,6140,21490,12,2015,0,False,True,True,False,False,False,False,False,False,False,True,True,False,False,False,False,False,True,False,False,False,True,True,False,False,True,False,False,False,False,False,False,False,False,False,False,False,True,False,False,False,True,False,True
46,24,2000,1568.47,0,454480,1,19,46800,0,7,1,2,0,56600.0,11320,5660,39620,12,1999,0,False,True,True,False,False,False,True,False,False,False,False,False,False,False,True,False,False,True,False,False,False,True,False,False,False,True,False,False,True,False,False,False,False,False,False,False,False,True,False,False,True,False,False,False
34,24,2000,1550.53,0,435632,1,7,0,-27700,20,1,0,1,3960.0,660,660,2640,1,1998,0,True,False,False,True,False,False,False,False,True,False,False,False,False,True,False,False,True,False,False,False,False,False,False,False,True,True,False,False,False,False,False,False,True,False,False,True,False,False,False,False,False,True,False,False
95,30,2000,1370.92,0,442206,13,18,48900,0,22,1,0,3,34800.0,3480,6960,24360,0,1999,0,False,False,True,False,True,True,False,False,False,False,False,False,False,False,True,False,False,True,False,False,True,False,True,False,False,False,False,True,False,False,False,True,False,False,False,False,False,False,False,False,False,True,False,False
140,36,500,1363.59,0,468303,1,11,43200,0,10,3,2,0,79500.0,7950,7950,63600,3,2000,0,True,False,True,False,False,False,False,True,False,False,False,True,False,False,False,False,False,False,False,False,True,False,True,False,False,False,True,False,True,False,False,False,False,False,False,False,False,False,True,False,False,False,False,True
200,34,1000,828.42,0,467762,9,1,0,0,10,1,2,2,56000.0,5600,5600,44800,3,2009,0,True,False,True,False,False,True,False,False,False,False,False,False,True,False,False,False,False,True,False,True,False,False,False,True,False,False,False,True,True,False,False,False,False,False,False,False,False,False,False,False,False,False,True,False
123,29,500,1209.63,0,447188,6,5,64800,-44200,17,1,1,0,73260.0,16280,0,56980,13,2014,1,True,False,True,False,False,False,False,False,False,True,False,True,False,False,False,False,False,True,False,False,True,False,True,False,False,False,False,False,False,False,False,False,False,False,False,False,False,False,False,False,False,True,False,True
267,46,2000,1111.17,0,469438,2,0,35000,0,3,1,2,3,4950.0,900,450,3600,12,1995,0,False,True,True,False,True,False,False,False,True,False,False,False,False,False,True,False,True,False,False,False,False,False,False,False,True,False,False,False,False,False,False,False,False,True,False,False,False,False,False,False,False,True,False,True
290,42,500,989.97,0,462519,6,11,32500,0,10,1,0,1,48000.0,4800,9600,33600,10,2013,0,True,False,False,True,True,False,False,False,False,True,False,False,False,True,False,False,False,True,False,False,True,False,True,False,False,False,False,False,False,False,False,False,False,True,False,True,False,False,False,False,True,False,True,False
45,37,1000,1114.23,0,432534,9,7,0,0,1,1,0,1,52200.0,10440,5220,36540,9,2005,0,True,False,True,False,True,True,False,False,False,False,False,False,False,False,False,True,False,True,False,False,False,True,False,False,False,True,False,False,False,False,False,True,False,False,False,False,False,False,False,False,False,True,False,True
186,38,2000,1347.31,0,436467,10,7,80900,-111100,1,3,2,3,73800.0,12300,12300,49200,1,1995,0,True,False,True,False,False,False,False,True,False,False,False,False,False,False,True,False,False,False,False,False,True,False,True,False,False,False,False,False,True,False,False,False,False,False,False,False,False,False,False,True,True,False,False,False
135,34,2000,1687.53,0,465674,10,0,0,-69600,7,1,1,2,78200.0,15640,7820,54740,1,2009,0,False,False,True,False,False,False,False,True,False,False,False,False,True,False,False,False,False,True,False,False,False,True,False,True,False,True,False,False,False,False,False,False,False,False,False,False,True,False,False,False,False,False,True,False
110,33,1000,1183.48,0,442389,7,3,0,0,19,1,2,3,55200.0,13800,9200,32200,10,2015,1,True,False,True,False,True,False,False,False,False,False,False,False,False,False,False,False,False,True,False,False,True,False,False,False,False,False,False,False,False,False,False,False,True,False,False,False,True,False,False,False,False,False,True,False
259,43,2000,1537.13,0,471614,5,11,0,-58300,3,3,0,2,57060.0,6340,6340,44380,5,2012,0,False,False,False,True,False,False,False,False,False,False,True,False,False,True,False,False,False,False,False,False,False,True,False,True,False,False,True,False,True,False,False,False,False,False,False,False,True,False,False,False,True,False,False,True
114,30,1000,1173.25,0,442936,10,7,0,-34700,3,1,0,3,4680.0,520,520,3640,3,2013,0,False,True,True,False,False,False,False,False,False,True,False,False,False,False,False,False,False,False,True,False,False,False,True,False,False,False,True,False,False,False,False,False,False,True,False,False,False,False,False,False,True,False,False,True
404,56,1000,1361.16,0,437944,13,6,0,-63700,23,1,2,0,53100.0,5310,5310,42480,0,2005,1,True,False,True,False,False,False,False,False,False,True,False,True,False,False,False,False,False,True,False,True,False,False,True,False,False,False,False,False,False,False,False,False,True,False,False,True,False,False,False,False,True,False,False,True
282,48,2000,1422.56,0,473705,9,18,26900,-55300,7,1,1,2,3520.0,640,320,2560,0,2013,0,False,True,False,True,False,False,False,False,True,False,False,False,False,False,False,False,False,False,True,False,False,False,True,False,False,False,False,False,False,False,False,False,False,True,False,False,False,False,False,True,False,False,True,False
57,25,2000,1143.06,0,469363,12,7,63100,-54100,0,3,0,1,72900.0,14580,14580,43740,9,2010,0,False,False,False,True,False,False,False,False,False,True,False,False,False,True,False,False,False,False,False,True,False,False,False,True,False,False,False,False,False,False,False,False,True,False,False,False,False,False,True,False,True,False,False,True
215,38,500,1405.71,0,465376,2,4,0,0,10,1,0,1,70700.0,7070,14140,49490,13,2008,0,True,False,True,False,False,False,False,False,False,False,True,False,False,False,True,False,False,True,False,False,True,False,False,True,False,False,False,True,False,False,False,True,False,False,False,False,False,False,False,False,False,False,True,False
140,30,500,1354.2,0,438775,0,3,100500,0,4,4,0,0,60170.0,5470,10940,43760,9,2006,0,False,False,False,False,False,True,False,False,False,False,False,False,False,False,False,True,False,False,False,False,False,True,True,False,False,False,True,False,False,False,False,True,False,False,True,False,False,False,False,False,False,False,False,False
250,42,500,1055.6,0,457962,3,13,69500,-40700,16,1,1,1,74800.0,13600,6800,54400,5,2009,1,True,False,False,False,True,False,True,False,False,False,False,False,False,False,False,False,False,True,False,False,True,False,False,False,False,False,True,False,False,False,False,True,False,False,True,False,False,False,False,False,False,False,False,False
286,41,1000,999.43,0,477947,9,13,25800,0,3,1,2,0,4100.0,820,410,2870,3,2009,0,False,False,True,False,True,True,False,False,False,False,False,False,False,False,False,True,False,False,True,False,False,False,False,False,True,False,False,True,False,False,False,False,False,True,False,False,True,False,False,False,False,True,False,False
356,47,2000,1155.97,0,431104,9,4,0,0,5,1,0,3,61490.0,5590,11180,44720,4,2009,0,True,False,True,False,True,False,True,False,False,False,False,False,False,False,False,False,False,True,False,False,False,True,True,False,False,False,True,False,False,False,False,True,False,False,True,False,False,False,False,False,False,True,False,False
65,29,1000,1726.91,0,456570,7,1,0,0,14,1,0,0,7200.0,720,1440,5040,1,1999,0,False,False,True,False,True,False,True,False,False,False,False,False,False,True,False,False,False,False,True,False,False,False,False,False,True,False,True,False,False,False,False,False,True,False,False,True,False,False,False,False,False,False,False,False
187,34,500,1232.57,0,612986,6,14,59500,0,7,3,0,0,45100.0,8200,4100,32800,9,2011,0,True,False,False,True,False,False,False,False,False,False,True,True,False,False,False,False,False,False,False,False,False,True,True,False,False,True,False,False,True,False,False,False,False,False,False,False,False,False,False,False,False,False,False,False
386,53,500,1078.65,0,615730,2,4,36800,0,16,1,2,3,66660.0,12120,6060,48480,6,2006,0,False,True,True,False,True,False,False,True,False,False,False,True,False,False,False,False,False,True,False,True,False,False,True,False,False,False,False,True,False,False,False,False,False,True,False,False,True,False,False,False,False,False,False,True
197,41,1000,1324.78,0,478640,9,1,0,-64500,6,1,2,2,76400.0,15280,7640,53480,13,1997,1,False,True,False,True,False,False,False,False,False,False,True,True,False,False,False,False,False,True,False,True,False,False,False,False,False,False,False,True,False,False,False,False,False,False,False,False,False,True,False,False,True,False,False,True
166,37,500,1518.54,0,470510,2,11,0,0,10,1,1,1,58300.0,10600,10600,37100,5,2001,0,True,False,True,False,False,False,False,False,True,False,False,True,False,False,False,False,False,True,False,False,True,False,False,True,False,False,False,False,False,False,True,False,False,False,False,False,False,False,True,False,False,True,True,False
293,49,2000,1239.06,0,439360,13,16,34900,0,19,1,1,1,57310.0,5210,10420,41680,13,2002,0,False,False,False,False,False,False,False,True,False,False,False,False,False,False,False,False,False,True,False,True,False,False,False,True,False,False,False,True,False,False,False,True,False,False,False,False,False,False,True,False,False,False,False,False
179,32,2000,1246.68,0,440251,8,12,0,0,10,1,0,1,53100.0,5900,5900,41300,11,2006,0,False,True,False,True,False,False,False,False,False,False,True,False,False,True,False,False,False,True,False,True,False,False,True,False,False,True,False,False,True,False,False,False,False,False,False,False,False,False,False,False,False,False,False,False
76,24,1000,1622.67,0,600313,8,13,0,0,6,3,1,1,74700.0,14940,7470,52290,11,1997,0,False,True,True,False,False,False,False,False,True,False,False,False,False,False,False,False,False,False,False,False,False,True,False,True,False,False,False,False,False,False,False,False,False,True,False,False,False,False,True,False,True,False,False,False
105,28,500,1082.36,0,452216,9,9,0,0,12,3,2,2,60500.0,12100,6050,42350,1,1995,0,False,True,True,False,False,False,False,False,False,False,False,False,False,True,False,False,False,False,False,False,True,False,False,False,False,True,False,False,False,False,False,True,False,False,False,False,False,False,True,False,True,False,True,False
97,26,1000,1270.55,0,478532,10,5,0,-72100,10,3,2,3,84920.0,7720,15440,61760,7,2006,1,False,True,True,False,True,False,False,False,False,True,False,False,False,False,True,False,False,False,False,False,False,True,False,True,False,False,True,False,False,False,False,False,False,False,False,False,False,False,True,False,False,True,True,False
148,36,1000,1236.32,0,616929,0,10,55100,0,0,1,2,0,61050.0,5550,11100,44400,4,2009,0,False,False,False,True,False,False,False,False,True,False,False,False,False,True,False,False,False,True,False,False,False,True,False,True,False,False,False,True,False,False,True,False,False,False,False,False,False,True,False,False,True,False,True,False
77,26,2000,785.82,0,620207,3,12,49700,0,12,3,2,0,69080.0,12560,6280,50240,1,2009,1,False,False,True,False,True,False,False,True,False,False,False,False,True,False,False,False,False,False,False,False,True,False,False,False,False,False,False,True,True,False,False,False,False,False,False,True,False,False,False,False,False,True,False,False
295,46,500,1265.84,0,605743,9,13,52200,-44500,10,1,1,3,4560.0,760,380,3420,9,2007,0,True,False,True,False,False,False,False,True,False,False,False,False,False,True,False,False,False,False,True,False,False,False,True,False,False,False,False,True,False,False,False,False,True,False,False,False,False,False,False,False,False,True,False,True
126,28,500,1508.9,0,472814,6,16,0,0,3,4,0,1,67800.0,11300,11300,45200,5,2011,0,True,False,True,False,False,False,False,True,False,False,False,False,True,False,False,False,False,False,False,False,True,False,False,True,False,False,False,True,False,False,False,False,False,True,False,False,True,False,False,False,True,False,False,False
132,32,2000,1106.84,0,464362,7,15,43100,-31900,21,1,1,1,5600.0,1120,560,3920,11,2005,0,False,True,True,False,True,False,False,False,False,False,True,False,False,False,False,True,False,False,True,False,False,False,True,False,False,False,False,True,False,False,False,True,False,False,False,False,False,False,True,False,False,True,False,True
370,55,2000,1389.13,0,456203,7,1,0,-53200,6,1,0,2,9000.0,900,1800,6300,8,2015,0,True,False,False,True,True,False,False,True,False,False,False,False,False,False,False,True,False,False,True,False,False,False,True,False,False,False,False,True,False,False,False,False,False,False,False,False,False,True,False,False,False,False,False,False
257,43,1000,974.84,0,468984,13,11,52100,0,0,1,0,1,85320.0,21330,7110,56880,9,2006,0,True,False,False,False,False,False,False,True,False,False,False,False,True,False,False,False,False,True,False,False,True,False,False,True,False,False,False,True,False,False,False,False,True,False,False,False,True,False,False,False,True,False,False,True
9,24,2000,1304.46,0,473349,6,9,51700,-33300,6,1,0,3,5940.0,540,1080,4320,1,2001,1,False,False,False,False,False,False,False,False,False,False,True,False,True,False,False,False,False,False,True,False,False,False,False,False,True,False,False,True,False,False,False,False,False,False,False,False,False,False,False,False,True,False,False,True
185,34,500,1257.36,0,474771,1,12,0,0,20,3,1,1,51370.0,9340,4670,37360,2,2000,1,False,True,True,False,False,False,False,False,False,False,True,False,False,False,False,False,False,False,False,False,False,True,False,False,False,True,False,False,False,False,False,True,False,False,False,False,False,False,False,False,False,True,False,False
234,43,500,1257.04,0,448294,10,15,0,-48800,4,1,2,2,51600.0,10320,5160,36120,4,2011,0,False,True,True,False,True,False,False,False,False,False,False,False,False,True,False,False,False,True,False,False,True,False,False,False,False,False,False,True,False,False,False,True,False,False,False,False,False,True,False,False,True,False,False,True
253,44,2000,719.52,0,606606,4,9,45800,0,9,1,0,3,5400.0,600,600,4200,3,1998,0,False,True,False,False,False,False,True,False,False,False,False,False,False,True,False,False,True,False,False,False,False,False,False,False,True,False,False,True,False,False,False,True,False,False,False,False,False,False,False,False,True,False,False,False
233,39,2000,1524.18,0,605220,2,15,0,0,20,3,1,0,48870.0,5430,5430,38010,10,1999,0,False,True,False,True,True,False,False,True,False,False,False,False,False,False,True,False,False,False,False,False,True,False,True,False,False,True,False,False,False,False,False,True,False,False,False,False,False,True,False,False,False,False,False,True
274,44,500,1395.58,0,466612,12,15,0,0,7,1,2,1,5590.0,860,860,3870,2,2000,0,True,False,False,True,False,False,False,True,False,False,False,False,False,False,False,False,False,False,True,False,False,False,True,False,False,False,False,True,False,False,False,False,False,True,False,False,False,False,False,True,True,False,False,False
297,48,1000,1243.68,0,463331,10,4,0,-71400,18,3,0,2,54960.0,6870,0,48090,12,2002,1,False,False,False,True,True,False,False,False,False,True,False,False,False,False,False,True,False,False,False,True,False,False,False,False,False,False,True,False,True,False,False,False,False,False,False,False,False,False,False,True,False,False,False,False
273,47,1000,1189.04,0,457843,9,18,59600,0,0,3,1,3,39800.0,7960,3980,27860,7,2014,0,False,True,False,True,False,False,False,False,False,False,False,False,False,True,False,False,False,False,False,False,False,True,True,False,False,False,False,True,False,False,False,False,True,False,False,False,False,True,False,False,True,False,False,False
147,37,2000,1375.29,0,609226,1,5,0,0,11,3,0,1,56160.0,6240,6240,43680,5,2015,1,True,False,False,True,False,False,False,False,False,True,False,False,False,True,False,False,False,False,False,False,False,True,False,False,False,False,False,False,False,False,False,True,False,False,True,False,False,False,False,False,False,False,False,False
285,42,500,1389.13,0,452942,8,9,63100,-79400,13,1,0,3,52700.0,5270,10540,36890,12,2005,0,True,False,False,False,True,False,False,False,False,False,False,True,False,False,False,False,False,True,False,False,False,True,False,True,False,True,False,False,False,False,False,False,True,False,False,True,False,False,False,False,True,False,False,False
289,43,1000,1387.51,0,609390,11,0,0,0,19,3,1,3,68580.0,7620,7620,53340,7,2010,0,False,True,False,True,False,False,False,False,False,False,False,True,False,False,False,False,False,False,False,False,False,True,True,False,False,True,False,False,True,False,False,False,False,False,False,False,False,False,True,False,False,True,False,False
427,60,1000,1178.61,0,446608,2,2,0,-54400,23,1,1,2,90860.0,12980,19470,58410,13,2004,1,True,False,False,False,True,False,False,False,True,False,False,False,False,True,False,False,False,True,False,False,False,True,False,False,False,False,False,False,True,False,False,False,False,False,False,False,False,False,False,True,False,True,False,True
380,53,2000,1166.62,0,602500,8,3,0,0,23,1,0,3,5700.0,570,570,4560,10,2001,0,False,False,True,False,True,False,False,False,False,False,False,False,False,False,False,True,True,False,False,False,False,False,False,False,True,False,False,True,False,False,False,False,False,False,False,False,True,False,False,False,True,False,True,False
13,21,1000,1556.31,0,463809,9,9,0,-75000,19,3,2,0,94930.0,8630,8630,77670,0,2014,0,True,False,False,False,True,False,False,False,False,False,False,True,False,False,False,False,False,False,False,False,False,True,False,True,False,False,False,True,True,False,False,False,False,False,False,True,False,False,False,False,False,True,False,True
282,43,500,1452.27,0,611996,4,18,75800,0,19,1,1,2,46800.0,4680,9360,32760,1,2007,1,False,True,True,False,True,False,False,False,True,False,False,True,False,False,False,False,False,True,False,False,False,True,False,False,False,False,False,False,False,False,False,True,False,False,False,False,True,False,False,False,True,False,True,False
312,47,1000,1212.07,0,459298,3,14,66900,-51800,17,3,2,3,56320.0,7040,7040,42240,8,2000,0,False,True,False,True,False,False,False,False,True,False,False,False,False,False,False,True,False,False,False,False,False,True,False,True,False,True,False,False,True,False,False,False,False,False,False,False,True,False,False,False,True,False,True,False
266,46,2000,1578.54,0,468158,5,5,0,-41400,18,1,1,3,83490.0,7590,15180,60720,9,1996,0,False,True,False,False,True,False,False,False,False,False,False,False,False,False,False,False,False,True,False,True,False,False,True,False,False,True,False,False,False,False,False,False,False,True,False,True,False,False,False,False,True,False,False,True
30,36,500,1488.26,0,440831,6,9,0,-63500,17,3,2,2,57900.0,5790,5790,46320,10,2008,0,True,False,False,True,False,True,False,False,False,False,False,False,False,False,False,True,False,False,False,False,False,True,False,True,False,False,False,True,False,False,False,False,False,True,False,False,False,True,False,False,True,False,False,False
198,36,1000,1096.39,0,603848,1,11,0,0,11,3,1,3,49410.0,5490,5490,38430,1,2015,0,True,False,True,False,True,False,True,False,False,False,False,False,False,True,False,False,False,False,False,False,True,False,False,True,False,True,False,False,False,False,False,True,False,False,False,False,False,False,False,True,False,False,False,True
290,45,2000,1215.36,0,617739,12,15,54400,0,22,3,0,1,66200.0,6620,6620,52960,11,2012,0,False,True,False,True,True,False,False,False,False,False,False,False,False,True,False,False,False,False,False,False,False,True,True,False,False,True,False,False,False,False,False,False,False,True,False,False,True,False,False,False,False,False,True,False
260,46,2000,1482.57,0,607133,8,15,35000,0,7,1,0,1,64080.0,10680,10680,42720,12,2005,0,False,True,False,False,True,False,False,False,True,False,False,False,False,False,False,False,False,True,False,True,False,False,True,False,False,True,False,False,True,False,False,False,False,False,True,False,False,False,False,False,True,False,True,False
233,43,1000,954.18,0,437470,12,7,0,0,17,3,2,3,42500.0,8500,4250,29750,9,2000,0,False,True,True,False,False,True,False,False,False,False,False,False,True,False,False,False,False,False,False,False,False,True,True,False,False,False,True,False,False,False,False,True,False,False,False,False,False,True,False,False,False,False,False,True
130,30,2000,1193.4,0,461372,3,3,0,-40800,16,3,2,3,48950.0,8900,4450,35600,11,2005,0,False,False,False,True,True,False,False,False,False,False,True,False,False,True,False,False,False,False,False,False,False,True,False,True,False,False,True,False,False,False,False,True,False,False,True,False,False,False,False,False,True,False,False,False
230,42,1000,1023.11,0,476130,0,9,0,-45300,13,3,1,2,58850.0,10700,10700,37450,0,1999,0,True,False,False,False,False,False,False,False,True,False,False,False,False,True,False,False,False,False,False,False,True,False,True,False,False,False,True,False,True,False,False,False,False,False,False,False,True,False,False,False,True,False,False,True
212,40,1000,1524.45,0,452438,7,9,73200,0,17,3,0,2,82400.0,8240,8240,65920,9,2006,0,False,False,False,True,False,False,False,False,False,True,False,False,False,False,False,False,False,False,False,False,False,True,True,False,False,False,True,False,True,False,False,False,False,False,False,False,False,True,False,False,False,True,False,True
299,44,1000,1653.32,0,460517,7,3,0,-48800,3,1,2,0,54240.0,6780,6780,40680,11,2009,0,False,True,False,True,False,True,False,False,False,False,False,False,True,False,False,False,False,True,False,False,True,False,True,False,False,False,False,False,False,False,False,False,False,True,False,False,False,False,False,True,False,True,False,False
91,26,1000,1022.46,0,444896,1,18,52700,0,15,3,0,2,74200.0,7420,7420,59360,7,1996,0,False,False,True,False,False,False,False,False,False,False,False,False,True,False,False,False,False,False,False,True,False,False,True,False,False,False,True,False,False,False,False,True,False,False,False,False,False,False,False,False,False,False,False,False
398,53,2000,1396.43,0,448722,8,0,21500,0,16,1,2,1,47430.0,5270,5270,36890,12,2000,0,False,False,False,False,False,False,False,False,False,False,False,False,False,False,True,False,False,True,False,True,False,False,False,True,False,True,False,False,False,False,False,False,False,True,False,True,False,False,False,False,False,True,False,False
218,43,500,1521.55,0,477856,8,14,61100,-64500,18,1,1,3,68200.0,13640,6820,47740,4,2003,1,False,False,True,False,False,False,False,False,False,False,False,False,True,False,False,False,False,True,False,False,True,False,False,False,False,True,False,False,False,False,False,True,False,False,False,True,False,False,False,False,False,False,False,True
152,33,1000,1034.27,0,617721,1,8,0,0,18,1,1,0,63900.0,7100,7100,49700,0,2014,0,True,False,False,False,False,False,False,True,False,False,False,False,False,False,False,False,False,True,False,True,False,False,True,False,False,True,False,False,True,False,False,False,False,False,False,True,False,False,False,False,True,False,True,False
212,39,1000,1255.35,0,454176,10,16,60300,-58900,22,2,0,3,59300.0,11860,5930,41510,4,2008,0,False,True,False,False,False,False,False,True,False,False,False,True,False,False,False,False,False,False,False,False,True,False,False,True,False,False,False,False,True,False,False,False,False,False,False,False,False,False,True,False,True,False,False,True
242,44,2000,1396.89,0,618127,8,5,0,-61600,15,3,1,2,66900.0,6690,13380,46830,11,1999,1,False,False,False,True,False,True,False,False,False,False,False,False,True,False,False,False,False,False,False,True,False,False,True,False,False,False,True,False,False,False,False,True,False,False,False,False,False,False,False,True,True,False,False,True
80,27,500,795.31,0,441923,4,16,0,-51000,16,3,1,3,40810.0,3710,7420,29680,5,2000,1,False,True,False,True,True,False,False,True,False,False,False,False,False,False,False,False,False,False,False,False,True,False,False,False,False,False,False,True,False,True,False,False,False,False,False,False,False,False,False,False,False,True,False,False
260,43,500,982.22,0,604279,3,16,54500,-72100,18,1,1,0,75400.0,15080,7540,52780,6,2011,0,True,False,False,False,False,False,False,True,False,False,False,True,False,False,False,False,False,True,False,True,False,False,False,True,False,True,False,False,True,False,False,False,False,False,False,False,False,False,True,False,False,False,False,False
133,34,500,1074.07,0,440833,9,3,70900,-61100,8,1,2,0,4200.0,420,840,2940,7,2013,0,True,False,False,True,False,False,False,True,False,False,False,False,False,False,False,False,True,False,False,False,False,False,True,False,False,True,False,False,False,False,False,False,False,True,False,False,True,False,False,False,True,False,False,True
290,45,1000,1311.3,0,451550,6,5,38500,0,23,3,0,0,52650.0,5850,5850,40950,5,2001,1,False,True,False,False,False,False,False,False,False,False,False,False,False,False,False,True,False,False,False,False,False,True,False,False,False,False,False,False,True,False,False,False,False,False,False,True,False,False,False,False,False,True,False,True
322,49,2000,1277.12,0,431853,1,11,0,-46000,18,1,0,2,42240.0,7680,7680,26880,3,2007,0,False,False,True,False,False,False,False,False,False,False,True,False,False,True,False,False,False,True,False,False,True,False,False,False,False,False,False,False,False,False,False,False,False,True,False,True,False,False,False,False,False,False,False,True
228,39,500,1388.62,0,614274,11,15,35200,0,10,1,1,0,59490.0,6610,6610,46270,8,1995,0,True,False,False,True,False,False,False,True,False,False,False,False,False,False,False,False,False,True,False,False,False,True,True,False,False,False,True,False,False,False,False,False,False,False,False,False,False,False,True,False,False,True,False,True
195,37,1000,1406.52,0,619148,12,0,0,0,12,1,0,2,44200.0,4420,4420,35360,7,2002,1,False,False,False,False,True,False,False,False,True,False,False,False,False,False,True,False,False,True,False,False,False,True,False,False,False,False,False,False,False,False,False,True,False,False,False,False,False,False,False,False,True,False,True,False
247,39,500,1558.29,0,456781,10,15,0,-49300,5,1,1,2,7700.0,770,1540,5390,10,2000,0,True,False,False,False,False,False,False,False,False,True,False,False,False,False,True,False,False,False,True,False,False,False,False,False,True,False,False,True,False,False,False,False,False,True,False,False,False,False,False,True,False,True,False,False
405,57,1000,1132.47,0,434293,8,8,46300,0,21,3,2,3,61440.0,10240,10240,40960,10,2008,0,True,False,False,True,True,False,False,False,True,False,False,False,True,False,False,False,False,False,False,True,False,False,False,True,False,False,True,False,True,False,False,False,False,False,False,False,True,False,False,False,False,False,False,False
144,37,2000,1896.91,0,460895,5,17,73700,0,17,3,1,3,54400.0,5440,10880,38080,3,2015,1,False,True,True,False,False,False,False,False,False,False,True,True,False,False,False,False,False,False,False,False,True,False,False,False,False,True,False,False,False,False,False,True,False,False,True,False,False,False,False,False,False,True,True,False
338,47,500,1143.46,0,601600,8,14,0,0,4,1,2,1,58560.0,9760,9760,39040,8,2002,0,False,False,False,True,True,False,False,False,True,False,False,False,True,False,False,False,False,True,False,True,False,False,False,True,False,False,True,False,False,False,False,False,False,False,False,False,False,False,False,False,False,True,False,False
121,34,500,1285.42,0,465440,8,18,0,0,11,1,1,1,67300.0,6730,6730,53840,4,2000,1,True,False,False,True,True,False,False,False,True,False,False,False,False,False,False,True,False,True,False,True,False,False,False,False,False,True,False,False,False,False,False,False,True,False,False,False,False,True,False,False,True,False,True,False
398,55,2000,1305.26,0,455482,4,16,66200,-49700,18,1,1,3,36740.0,3340,6680,26720,2,1998,1,False,True,True,False,True,False,False,False,True,False,False,False,False,False,False,True,False,True,False,False,True,False,False,False,False,True,False,False,False,False,False,False,True,False,False,True,False,False,False,False,False,False,False,True
9,30,1000,1073.83,0,438877,6,7,0,0,12,1,0,0,85690.0,15580,15580,54530,2,2011,0,False,False,False,False,False,False,True,False,False,False,False,True,False,False,False,False,False,True,False,False,True,False,False,True,False,False,False,True,True,False,False,False,False,False,False,False,False,True,False,False,False,False,True,False
115,31,1000,1051.67,0,479824,3,3,0,0,18,3,0,3,34160.0,0,4270,29890,1,2005,1,False,True,False,True,False,False,False,False,False,False,False,True,False,False,False,False,False,False,False,False,False,True,False,False,False,False,False,False,False,False,False,False,False,True,False,False,False,False,True,False,False,True,True,False
280,48,1000,1387.35,0,477415,13,13,0,-72000,16,1,2,2,61320.0,10220,10220,40880,2,1998,0,False,False,True,False,True,False,False,True,False,False,False,True,False,False,False,False,False,True,False,True,False,False,True,False,False,True,False,False,False,False,False,False,False,True,False,True,False,False,False,False,True,False,False,False
254,45,500,1083.64,0,614372,7,13,59800,0,19,3,0,0,79680.0,13280,13280,53120,2,2004,0,False,False,True,False,True,False,False,True,False,False,False,False,False,False,False,False,False,False,False,False,True,False,False,True,False,False,False,True,False,False,False,False,False,False,True,False,False,False,False,False,False,True,False,False
141,30,1000,1851.78,0,465248,2,8,78800,0,13,1,1,0,61740.0,6860,6860,48020,1,2002,0,False,False,True,False,False,False,True,False,False,False,False,False,True,False,False,False,False,True,False,True,False,False,False,True,False,True,False,False,False,False,False,True,False,False,False,False,False,False,True,False,True,False,False,True
441,55,500,1270.29,0,449421,1,8,24000,-50500,4,1,0,0,6400.0,640,640,5120,6,2002,0,True,False,True,False,True,True,False,False,False,False,False,False,False,False,False,False,True,False,False,False,False,False,True,False,False,True,False,False,False,False,False,False,True,False,False,False,False,False,False,False,True,False,True,False
381,55,500,1459.99,0,445856,7,5,35900,0,8,1,1,2,60600.0,12120,6060,42420,0,2011,0,False,True,False,True,False,False,False,False,True,False,False,False,False,False,False,True,False,True,False,False,True,False,False,False,False,True,False,False,False,False,False,True,False,False,False,False,False,True,False,False,False,True,False,True
191,38,2000,1253.44,0,608525,2,17,0,0,19,3,2,0,56320.0,10240,5120,40960,13,2007,0,False,False,False,False,False,False,False,False,False,True,False,True,False,False,False,False,False,False,False,False,False,True,False,False,False,False,False,False,False,False,False,False,True,False,False,True,False,False,False,False,True,False,True,False
145,34,1000,1142.48,0,608813,8,17,0,0,18,1,2,0,52250.0,9500,4750,38000,11,2012,0,True,False,False,False,False,False,False,True,False,False,False,False,True,False,False,False,False,True,False,False,False,True,False,True,False,False,False,False,False,False,False,False,False,False,False,False,True,False,False,False,False,True,True,False
479,60,1000,1188.45,0,459295,3,4,0,-44800,9,2,0,3,53900.0,5390,10780,37730,10,2006,0,False,False,False,True,False,False,False,False,True,False,False,False,True,False,False,False,False,False,False,False,True,False,False,True,False,False,True,False,False,False,False,True,False,False,False,False,False,False,False,False,False,False,False,False
215,35,1000,1125.4,0,606144,0,19,40000,-43400,6,1,2,1,2640.0,220,440,1980,7,2001,0,False,False,False,True,True,False,False,False,False,True,False,False,False,False,False,False,False,False,True,False,False,False,False,False,True,False,True,False,False,False,False,False,False,True,True,False,False,False,False,False,False,False,True,False
41,33,500,1294.41,0,476315,13,17,0,0,8,1,0,0,8970.0,1380,1380,6210,4,2011,0,False,True,True,False,True,False,True,False,False,False,False,False,False,False,False,False,False,False,True,False,False,False,True,False,False,False,True,False,False,False,False,False,False,False,False,False,False,False,False,False,False,True,False,False
45,31,500,1459.5,0,475891,8,12,0,0,6,1,1,3,6000.0,1000,1000,4000,11,2000,0,True,False,False,False,True,False,False,False,True,False,False,True,False,False,False,False,True,False,False,False,False,False,True,False,False,False,True,False,True,False,False,False,False,False,False,False,False,False,False,True,False,False,False,False
156,38,500,1367.99,0,462525,1,2,26500,0,23,3,0,3,55200.0,11040,5520,38640,10,1998,1,False,False,False,False,True,False,True,False,False,False,False,False,False,True,False,False,False,False,False,True,False,False,False,False,False,True,False,False,False,False,False,False,False,True,False,False,True,False,False,False,False,False,False,False
246,45,500,1594.37,0,606283,3,2,0,0,13,1,0,3,7260.0,660,1320,5280,10,2008,0,True,False,True,False,True,False,False,False,False,False,False,False,False,True,False,False,True,False,False,False,False,False,False,False,True,True,False,False,False,False,False,True,False,False,False,False,False,False,True,False,True,False,False,True
178,39,500,1035.99,0,465252,3,17,0,0,3,3,2,0,64680.0,11760,11760,41160,7,2010,0,False,False,False,False,False,False,False,True,False,False,False,False,False,True,False,False,False,False,False,True,False,False,True,False,False,False,False,True,True,False,False,False,False,False,False,False,False,False,False,True,True,False,False,False
237,43,500,911.53,0,449979,11,1,53200,0,23,1,0,1,59200.0,0,11840,47360,3,1998,0,False,True,True,False,False,False,False,False,False,False,True,False,False,False,False,False,False,True,False,False,True,False,False,False,False,False,False,True,False,False,False,False,False,True,False,False,False,True,False,False,True,False,True,False
127,34,500,1319.97,0,604681,2,13,73700,0,8,1,1,3,4700.0,470,940,3290,10,1998,0,False,True,False,True,False,False,False,False,False,False,False,False,False,True,False,False,False,False,True,False,False,False,True,False,False,False,False,True,False,False,False,False,False,False,False,False,False,False,False,False,False,True,False,False
1,33,2000,1391.63,0,466390,11,18,61200,0,23,1,0,3,69400.0,6940,6940,55520,8,2000,0,False,True,True,False,True,False,False,False,False,False,False,False,False,False,False,False,False,True,False,False,False,True,False,True,False,False,True,False,True,False,False,False,False,False,True,False,False,False,False,False,False,True,True,False
5,21,500,915.41,0,612316,3,17,0,0,23,1,0,0,40500.0,4050,4050,32400,9,1998,0,True,False,True,False,False,False,True,False,False,False,False,False,False,True,False,False,False,True,False,False,False,True,False,True,False,False,False,True,True,False,False,False,False,False,False,False,False,True,False,False,False,True,True,False
64,28,1000,1468.82,0,474731,5,16,56800,-51800,9,3,2,1,60000.0,5000,10000,45000,6,1997,0,False,False,False,True,True,False,False,True,False,False,False,False,True,False,False,False,False,False,False,False,False,True,True,False,False,True,False,False,False,False,False,True,False,False,False,False,False,False,True,False,True,False,True,False
142,30,500,1412.76,0,603260,1,1,66400,-63700,22,1,2,3,67320.0,11220,11220,44880,13,1996,0,True,False,False,True,True,False,False,False,False,False,True,False,False,False,False,True,False,True,False,False,False,True,True,False,False,False,True,False,False,False,False,False,False,True,False,False,False,False,True,False,False,True,True,False
97,27,500,1588.26,0,434370,12,12,56700,-49300,22,3,2,1,75690.0,8410,8410,58870,10,2014,0,False,True,False,True,False,False,True,False,False,False,False,False,False,False,False,False,False,False,False,False,False,True,False,True,False,False,True,False,False,False,False,False,True,False,False,False,False,False,True,False,False,True,False,True
121,31,1000,1140.91,0,478388,0,13,51300,0,15,3,1,2,64300.0,6430,6430,51440,3,2002,1,True,False,False,False,True,False,False,False,False,False,False,False,True,False,False,False,False,False,False,False,False,True,False,False,False,True,False,False,False,False,False,False,True,False,False,False,True,False,False,False,True,False,False,False
225,43,1000,1517.54,0,617883,8,4,0,-20900,16,3,2,0,64400.0,6440,6440,51520,2,2011,0,False,True,False,False,True,False,False,True,False,False,False,False,False,True,False,False,False,False,False,False,True,False,False,False,False,False,False,True,False,False,False,True,False,False,True,False,False,False,False,False,True,False,False,True
425,53,2000,912.29,0,464808,8,13,42900,-39100,17,3,1,2,97080.0,16180,16180,64720,10,2005,0,False,True,True,False,False,False,True,False,False,False,False,False,False,False,False,False,False,False,False,True,False,False,True,False,False,True,False,False,False,False,False,False,False,True,False,False,True,False,False,False,False,False,False,False
285,44,2000,1144.3,0,609458,8,0,52600,0,3,1,1,0,5500.0,500,500,4500,6,2010,0,False,True,True,False,True,False,False,False,True,False,False,True,False,False,False,False,False,False,True,False,False,False,True,False,False,False,False,True,False,False,False,False,False,True,False,False,False,True,False,False,False,True,False,False
192,38,1000,1281.43,0,432405,13,16,65100,-50300,10,3,0,2,30700.0,3070,6140,21490,7,2010,0,True,False,False,True,False,False,False,False,False,True,False,True,False,False,False,False,False,False,False,False,True,False,False,True,False,False,True,False,False,False,False,True,False,False,False,False,True,False,False,False,False,False,True,False
285,48,2000,1101.85,0,457875,11,7,46100,0,9,1,1,2,33480.0,3720,3720,26040,9,2012,0,False,False,False,False,False,True,False,False,False,False,False,False,False,False,False,True,False,True,False,False,False,True,True,False,False,False,False,True,False,False,True,False,False,False,False,False,False,False,False,True,True,False,False,True
98,26,2000,1082.1,0,477268,3,11,0,-30900,13,2,0,1,65430.0,14540,7270,43620,7,2001,0,True,False,False,True,True,False,False,True,False,False,False,False,True,False,False,False,False,False,False,True,False,False,False,True,False,False,False,True,False,False,False,False,False,True,False,False,True,False,False,False,False,False,False,True
175,36,500,1185.44,0,437580,3,11,44900,-52500,15,3,2,1,42680.0,3880,7760,31040,0,2006,1,False,True,False,True,True,False,False,False,False,True,False,True,False,False,False,False,False,False,False,False,True,False,False,False,False,False,False,True,False,False,False,False,False,False,False,False,True,False,False,False,False,True,False,True
259,45,2000,1175.07,0,457121,2,12,30100,0,23,1,1,1,87780.0,7980,7980,71820,6,2011,0,False,False,False,True,True,False,False,False,True,False,False,True,False,False,False,False,False,True,False,False,False,True,True,False,False,True,False,False,False,False,False,False,False,True,False,False,False,False,False,True,False,False,True,False
140,36,2000,979.26,0,436364,13,6,0,-67000,2,4,0,2,72800.0,14560,14560,43680,6,1998,0,False,True,False,True,False,False,False,True,False,False,False,False,False,True,False,False,False,False,False,True,False,False,False,False,False,True,False,False,True,False,False,False,False,False,False,False,False,False,True,False,False,True,False,True
231,37,500,920.81,0,467654,11,5,0,0,14,1,2,0,71190.0,0,7910,63280,8,1997,1,False,True,True,False,False,False,True,False,False,False,False,False,False,False,False,True,False,True,False,False,True,False,False,False,False,True,False,False,False,False,False,True,False,False,False,True,False,False,False,False,False,True,False,False
186,38,500,922.85,0,471148,0,9,70300,-70900,7,1,1,1,3600.0,400,400,2800,6,1999,0,False,True,False,False,True,False,True,False,False,False,False,False,False,False,False,False,False,False,True,False,False,False,False,False,True,True,False,False,True,False,False,False,False,False,False,True,False,False,False,False,False,False,False,True
229,41,2000,1107.59,0,468202,12,5,65400,0,23,1,1,3,62640.0,10440,10440,41760,8,2009,0,False,True,True,False,True,False,False,False,False,False,True,True,False,False,False,False,False,True,False,False,False,True,False,False,False,False,True,False,True,False,False,False,False,False,True,False,False,False,False,False,True,False,True,False
180,36,500,1272.46,0,456959,9,8,0,0,7,3,2,1,69630.0,12660,6330,50640,12,1998,0,False,False,False,False,True,True,False,False,False,False,False,False,False,False,False,True,False,False,False,True,False,False,True,False,False,False,False,False,True,False,False,False,False,False,False,False,False,True,False,False,False,True,False,False
188,33,1000,1340.24,0,447274,10,5,0,-68800,8,3,1,0,76010.0,13820,6910,55280,4,1995,1,False,False,True,False,True,False,True,False,False,False,False,False,False,True,False,False,False,False,False,False,True,False,True,False,False,False,False,True,True,False,False,False,False,False,False,True,False,False,False,False,False,True,False,False
214,40,1000,1648.0,0,608405,13,0,57700,-43500,17,1,1,0,44220.0,8040,4020,32160,0,2000,0,False,True,False,False,True,False,False,True,False,False,False,True,False,False,False,False,False,True,False,False,True,False,False,True,False,False,True,False,False,False,False,False,False,True,False,False,False,True,False,False,True,False,False,True
178,38,500,1381.14,0,472253,7,4,0,0,10,3,0,3,57200.0,5200,10400,41600,2,2011,0,False,False,True,False,False,True,False,False,False,False,False,False,False,False,False,True,False,False,False,False,True,False,True,False,False,False,True,False,True,False,False,False,False,False,False,False,False,True,False,False,True,False,True,False
55,35,500,1198.44,0,438923,8,14,0,0,9,1,0,3,3080.0,560,560,1960,9,1998,0,False,False,False,True,True,False,False,False,True,False,False,False,False,False,False,True,False,False,True,False,False,False,True,False,False,False,False,True,False,False,False,False,False,True,True,False,False,False,False,False,True,False,True,False
90,31,2000,951.27,0,607131,7,10,42100,0,2,1,1,0,75790.0,13780,6890,55120,0,2007,0,False,True,True,False,False,False,False,False,False,False,True,True,False,False,False,False,False,True,False,False,True,False,False,True,False,False,True,False,False,False,False,True,False,False,False,True,False,False,False,False,False,True,False,True
135,30,2000,1341.24,0,601701,4,16,37100,-46500,18,3,0,1,32670.0,5940,2970,23760,6,2003,0,True,False,False,True,False,False,False,False,True,False,False,False,False,False,False,True,False,False,False,False,True,False,True,False,False,False,False,False,False,False,False,False,False,True,False,False,False,False,True,False,True,False,True,False
277,46,2000,1177.57,0,469220,0,18,0,-65500,4,1,2,3,3870.0,430,860,2580,7,2010,0,False,False,True,False,False,False,False,False,False,False,False,False,False,False,False,False,False,False,True,False,False,False,True,False,False,False,False,True,False,False,False,False,True,False,False,False,False,False,False,False,False,False,True,False
211,38,1000,1055.09,0,433250,13,18,0,0,12,1,0,3,91520.0,8320,16640,66560,2,2005,1,True,False,True,False,False,False,False,False,False,True,False,False,False,True,False,False,False,True,False,True,False,False,False,True,False,True,False,False,True,False,False,False,False,False,True,False,False,False,False,False,False,False,False,True
156,32,500,1479.48,0,444413,9,3,0,0,15,1,1,3,74690.0,6790,13580,54320,4,2008,1,False,False,True,False,True,False,False,False,False,True,False,False,False,False,True,False,False,True,False,True,False,False,False,False,False,False,True,False,True,False,False,False,False,False,False,False,False,True,False,False,False,True,False,True
84,30,2000,1827.38,0,433593,8,14,0,-15900,9,1,1,3,4620.0,420,840,3360,1,1998,0,True,False,False,True,True,False,False,False,False,False,False,False,True,False,False,False,False,False,True,False,False,False,False,False,True,False,False,True,False,False,False,False,True,False,False,False,False,False,False,True,False,True,False,False
136,32,500,1169.62,0,458143,11,19,0,0,6,1,0,0,55000.0,10000,10000,35000,12,2008,1,True,False,False,False,False,False,False,True,False,False,False,True,False,False,False,False,False,True,False,False,False,True,False,False,False,False,False,True,False,False,False,True,False,False,False,False,False,False,False,False,False,True,True,False
310,48,500,1516.34,0,474167,0,17,11000,0,11,4,0,2,59400.0,13200,6600,39600,10,1996,1,True,False,False,False,False,False,False,True,False,False,False,False,False,False,True,False,False,False,False,False,True,False,False,False,False,False,False,True,False,False,False,True,False,False,False,False,False,False,False,True,False,True,True,False
123,34,2000,1270.21,0,476413,11,17,16100,-61200,13,3,1,1,55260.0,6140,0,49120,9,2000,0,False,True,False,True,False,True,False,False,False,False,False,False,False,False,False,False,False,False,False,False,False,True,False,True,False,True,False,False,False,False,True,False,False,False,True,False,False,False,False,False,True,False,False,False
243,44,500,809.11,0,600208,2,14,33200,0,4,3,2,1,51400.0,5140,10280,35980,6,1996,0,False,False,True,False,True,False,False,True,False,False,False,False,True,False,False,False,False,False,False,False,False,True,True,False,False,False,True,False,False,False,False,False,False,False,False,False,False,False,False,True,False,False,False,True
36,37,1000,1115.81,0,618926,6,15,0,-59800,20,3,1,3,48780.0,5420,10840,32520,4,2008,0,False,False,False,True,False,False,False,False,False,True,False,False,False,False,False,False,False,False,False,False,False,True,True,False,False,False,False,False,True,False,False,False,False,False,True,False,False,False,False,False,False,True,False,False
146,31,1000,1457.65,0,606219,1,4,0,0,0,3,1,3,52380.0,5820,5820,40740,12,2010,0,False,True,False,False,False,True,False,False,False,False,False,False,False,True,False,False,False,False,False,False,True,False,False,False,False,False,False,False,False,False,False,False,True,False,False,False,False,False,True,False,True,False,False,False
154,34,1000,1041.36,0,448436,8,6,53100,-43900,18,4,2,3,74360.0,13520,13520,47320,12,2005,1,False,True,False,False,False,False,False,True,False,False,False,False,False,False,False,False,False,False,False,False,False,True,False,True,False,False,True,False,False,False,False,False,False,True,False,True,False,False,False,False,False,False,False,True
204,40,1000,1693.83,0,447976,10,14,44000,-20800,6,1,1,0,53400.0,5340,5340,42720,6,2003,0,False,True,True,False,True,False,True,False,False,False,False,False,True,False,False,False,False,True,False,True,False,False,True,False,False,False,False,True,True,False,False,False,False,False,False,False,False,True,False,False,False,False,False,False
458,59,1000,1685.69,0,472236,10,10,31400,0,23,1,2,2,71800.0,14360,14360,43080,7,1995,0,True,False,False,False,False,False,True,False,False,False,False,False,False,False,False,True,False,True,False,True,False,False,False,True,False,False,False,True,False,False,False,False,True,False,False,True,False,False,False,False,False,False,False,True
147,31,500,1054.92,0,468232,9,8,51900,0,4,1,0,0,68240.0,8530,0,59710,12,2013,1,True,False,True,False,False,False,False,False,False,False,True,False,False,True,False,False,False,True,False,True,False,False,False,False,False,False,True,False,True,False,False,False,False,False,False,False,False,True,False,False,False,False,False,False
279,45,2000,1333.97,0,620819,7,3,61100,-30700,21,3,1,0,61050.0,11100,11100,38850,4,2011,1,True,False,True,False,False,False,False,False,True,False,False,False,False,False,True,False,False,False,False,False,True,False,False,False,False,False,True,False,False,False,False,True,False,False,False,False,False,False,False,False,False,False,False,False
308,47,1000,1013.61,0,452349,2,12,45700,-41400,7,1,1,1,5590.0,860,860,3870,11,2002,0,False,True,False,False,False,False,False,False,False,False,False,False,False,True,False,False,True,False,False,False,False,False,True,False,False,False,True,False,True,False,False,False,False,False,False,False,False,False,False,True,False,False,False,True
284,48,500,958.3,0,464646,6,8,47900,0,19,3,0,0,46860.0,8520,8520,29820,13,1998,0,False,False,False,True,False,False,False,False,False,False,True,False,False,False,False,False,False,False,False,False,False,True,False,False,False,True,False,False,True,False,False,False,False,False,True,False,False,False,False,False,False,False,False,False
108,31,2000,1112.04,0,472209,7,0,52800,-54300,5,1,1,3,4290.0,780,780,2730,13,1998,0,True,False,True,False,False,False,False,False,False,False,True,False,False,True,False,False,True,False,False,False,False,False,True,False,False,True,False,False,False,False,False,True,False,False,False,False,False,False,False,False,True,False,True,False
421,57,2000,1206.26,0,459955,1,3,69900,0,22,3,0,0,78500.0,15700,7850,54950,1,2015,0,True,False,True,False,False,False,False,False,False,False,False,False,False,True,False,False,False,False,False,True,False,False,True,False,False,False,False,True,False,False,False,False,False,False,False,False,False,False,False,False,False,True,True,False
266,42,1000,763.67,0,473389,9,12,12800,-49700,12,1,1,3,70830.0,7870,7870,55090,7,2005,0,False,False,False,True,True,False,False,False,False,False,False,False,False,True,False,False,False,True,False,False,False,True,False,True,False,False,False,True,False,False,False,True,False,False,False,False,False,True,False,False,False,True,False,True
412,56,500,1042.56,0,616767,5,19,0,-66100,19,3,0,2,68040.0,15120,7560,45360,11,1997,0,False,False,True,False,True,False,True,False,False,False,False,False,False,True,False,False,False,False,False,True,False,False,False,True,False,False,False,True,False,False,False,True,False,False,False,False,False,False,False,True,True,False,True,False
31,32,2000,1263.48,0,442948,7,10,46800,-87300,10,1,2,0,63600.0,5300,10600,47700,1,1997,1,False,False,False,False,False,False,False,True,False,False,False,False,False,False,False,True,False,True,False,False,False,True,False,False,False,True,False,False,False,False,False,False,False,True,False,True,False,False,False,False,False,False,False,False
465,62,500,1006.99,0,458936,11,2,0,0,7,1,0,3,43560.0,4840,4840,33880,11,2015,0,False,False,True,False,False,False,False,False,False,True,False,False,False,True,False,False,False,True,False,False,False,True,True,False,False,False,True,False,False,False,False,False,False,True,True,False,False,False,False,False,True,False,False,False
126,31,1000,1328.26,0,613921,11,8,42300,-45800,17,1,1,1,60840.0,13520,6760,40560,11,2011,0,False,True,True,False,True,False,False,False,False,True,False,True,False,False,False,False,False,True,False,True,False,False,False,True,False,False,False,True,False,False,False,False,False,True,False,True,False,False,False,False,True,False,True,False
407,55,1000,1250.08,0,474598,12,3,0,-57700,0,3,2,3,68160.0,11360,11360,45440,5,2010,0,False,True,False,False,False,False,False,False,False,False,True,False,False,False,False,True,False,False,False,False,False,True,False,True,False,False,False,True,False,False,False,False,False,True,False,False,False,False,False,False,False,False,False,True
101,27,500,982.7,0,440865,13,18,30800,-43700,9,1,1,0,5170.0,940,470,3760,12,2001,0,False,False,False,True,False,True,False,False,False,False,False,False,False,False,True,False,True,False,False,False,False,False,True,False,False,False,False,True,False,False,False,True,False,False,False,False,False,False,False,False,True,False,True,False
187,37,1000,1412.06,0,450947,10,15,60100,0,21,1,0,3,57700.0,5770,5770,46160,9,2000,0,True,False,False,True,False,False,False,False,False,True,False,True,False,False,False,False,False,True,False,False,False,True,False,True,False,False,False,False,False,False,False,False,False,False,False,False,False,False,True,False,False,False,False,False
252,46,2000,1066.7,0,473370,5,17,0,0,22,3,0,2,89520.0,14920,14920,59680,1,2014,0,True,False,False,True,False,False,False,True,False,False,False,False,False,True,False,False,False,False,False,True,False,False,False,True,False,False,True,False,False,False,False,False,True,False,False,False,True,False,False,False,True,False,True,False
229,43,2000,1585.54,0,463153,10,15,42600,-44400,3,1,1,0,4620.0,420,840,3360,13,2012,0,True,False,True,False,True,False,True,False,False,False,False,True,False,False,False,False,False,False,True,False,False,False,True,False,False,False,True,False,False,False,False,False,False,True,False,True,False,False,False,False,True,False,False,True
246,39,1000,1416.08,0,612546,2,19,0,-36600,16,1,0,3,45180.0,5020,5020,35140,6,2004,0,True,False,True,False,False,False,False,True,False,False,False,False,True,False,False,False,False,True,False,False,True,False,True,False,False,False,False,False,False,False,False,False,False,True,False,False,False,True,False,False,False,True,False,False
190,38,500,1246.03,0,442919,2,12,61900,-50000,14,1,0,0,45100.0,9020,4510,31570,9,2013,0,False,True,True,False,True,False,False,True,False,False,False,False,False,False,True,False,False,True,False,False,False,True,False,True,False,False,True,False,True,False,False,False,False,False,False,False,False,False,True,False,False,True,True,False
95,32,2000,1356.64,0,449352,6,9,67800,-48600,21,3,0,3,83160.0,15120,15120,52920,12,2003,0,True,False,False,True,True,False,False,False,False,True,False,True,False,False,False,False,False,False,False,False,False,True,False,True,False,False,False,True,False,False,False,True,False,False,False,False,False,False,False,True,False,True,False,True
205,42,2000,1387.7,0,470104,8,16,0,0,19,1,2,1,86130.0,15660,15660,54810,3,1995,0,False,False,False,False,False,False,True,False,False,False,False,False,True,False,False,False,False,True,False,False,True,False,True,False,False,False,False,True,False,False,False,False,False,True,True,False,False,False,False,False,True,False,True,False
41,25,1000,1004.14,0,459889,8,17,35400,0,13,3,1,3,48000.0,9600,4800,33600,4,1995,0,False,True,False,False,True,False,False,False,False,True,False,False,False,False,False,True,False,False,False,True,False,False,False,False,False,True,False,False,False,False,False,False,False,False,False,True,False,False,False,False,True,False,True,False
137,35,500,1107.07,0,478868,10,12,0,-45300,21,1,0,0,3300.0,600,600,2100,10,2008,0,False,True,False,True,False,False,True,False,False,False,False,False,False,False,False,False,False,False,True,False,False,False,True,False,False,False,False,True,False,False,False,False,True,False,False,True,False,False,False,False,True,False,False,True
194,34,500,1429.96,0,463307,10,2,67800,0,11,3,1,2,57200.0,11440,5720,40040,12,2005,0,False,False,False,False,False,False,False,True,False,False,False,False,False,False,False,False,False,False,False,False,True,False,True,False,False,False,False,False,True,False,False,False,False,False,False,False,True,False,False,False,True,False,False,True
128,35,1000,1074.99,0,453620,0,3,0,-48800,16,1,2,0,7590.0,1380,690,5520,0,2012,0,True,False,True,False,False,False,False,False,False,False,False,False,False,False,False,False,False,False,True,False,False,False,False,False,True,False,False,True,False,False,False,False,True,False,True,False,False,False,False,False,False,False,False,False
150,37,1000,1007.0,0,466238,13,2,30400,-89400,9,1,0,2,80080.0,12320,12320,55440,3,2013,0,False,True,False,True,False,False,False,False,False,False,True,False,False,False,True,False,False,True,False,False,True,False,False,True,False,False,False,True,False,False,False,False,True,False,False,False,False,False,False,False,True,False,False,False
104,30,500,1052.85,0,607697,10,16,0,-70100,8,1,0,0,4800.0,960,480,3360,2,2006,0,False,True,False,False,False,False,False,False,True,False,False,False,True,False,False,False,False,False,True,False,False,False,True,False,False,False,False,True,False,False,False,False,False,True,False,False,False,False,True,False,True,False,False,True
163,37,1000,1200.33,0,477631,2,6,0,-36400,7,1,2,1,3900.0,390,780,2730,13,2008,1,True,False,False,True,False,False,True,False,False,False,False,False,False,True,False,False,False,False,True,False,False,False,True,False,False,False,False,True,False,False,False,False,False,True,False,False,False,False,False,True,False,False,False,True
80,26,1000,1343.0,0,443625,5,4,64600,0,12,1,0,0,90400.0,9040,9040,72320,2,1995,0,False,False,False,False,True,False,False,False,False,True,False,False,True,False,False,False,False,True,False,True,False,False,True,False,False,False,True,False,False,False,False,True,False,False,False,False,False,False,False,False,False,False,True,False
65,29,2000,1441.6,0,472223,11,11,0,0,21,3,0,0,62900.0,6290,12580,44030,7,1998,0,False,True,True,False,False,False,False,False,True,False,False,False,False,True,False,False,False,False,False,False,True,False,True,False,False,False,True,False,False,False,False,False,False,False,True,False,False,False,False,False,False,True,False,False
179,32,1000,1433.42,0,608328,10,0,53800,0,4,1,1,2,54200.0,5420,10840,37940,9,2014,1,False,True,False,False,False,False,False,False,False,False,False,False,False,True,False,False,False,True,False,False,True,False,False,False,False,False,False,True,False,False,False,False,False,False,False,False,False,False,False,False,False,True,True,False
372,50,2000,1368.57,0,474860,12,13,0,0,18,3,2,2,51800.0,5180,10360,36260,0,2003,0,False,True,False,True,False,False,False,False,True,False,False,False,True,False,False,False,False,False,False,False,False,True,False,False,False,False,False,True,True,False,False,False,False,False,False,False,True,False,False,False,True,False,False,True
398,55,500,862.19,0,606858,0,12,69400,0,7,1,2,3,6600.0,600,1200,4800,0,2012,0,False,True,True,False,True,False,True,False,False,False,False,False,False,False,True,False,False,False,True,False,False,False,False,False,True,False,False,True,False,False,False,True,False,False,False,False,True,False,False,False,False,False,False,False
213,35,500,871.46,0,477938,12,12,58500,-77700,13,1,2,0,74140.0,13480,6740,53920,5,2007,0,False,True,True,False,True,False,False,False,True,False,False,False,False,False,False,False,False,True,False,False,False,True,False,True,False,True,False,False,False,False,False,True,False,False,False,False,False,True,False,False,False,True,False,True
79,25,500,1863.04,0,462698,8,13,53400,-35200,0,1,2,1,67800.0,13560,6780,47460,8,1995,0,False,True,False,True,False,False,False,False,False,False,False,True,False,False,False,False,False,True,False,True,False,False,False,True,False,True,False,False,False,False,False,False,True,False,False,False,True,False,False,False,True,False,False,False
232,44,2000,1181.64,0,454552,7,8,25800,0,22,1,1,1,55400.0,5540,11080,38780,7,2002,1,False,True,True,False,True,True,False,False,False,False,False,False,False,False,False,True,False,True,False,False,True,False,False,False,False,True,False,False,True,False,False,False,False,False,False,False,True,False,False,False,False,False,False,True
230,37,1000,1060.74,0,471585,12,15,0,-51500,15,1,2,3,49100.0,9820,4910,34370,11,1996,1,False,False,False,True,True,False,False,False,False,False,True,False,False,True,False,False,False,True,False,False,True,False,False,False,False,False,False,False,False,False,False,True,False,False,True,False,False,False,False,False,False,True,False,False
234,41,500,951.56,0,455426,13,18,59400,-78600,3,3,2,1,98280.0,15120,7560,75600,3,2007,1,True,False,False,False,False,False,False,True,False,False,False,False,False,False,False,True,False,False,False,False,False,True,False,False,False,False,False,True,False,False,False,True,False,False,False,False,False,False,True,False,True,False,False,False
240,40,500,1533.71,0,469856,10,14,0,-70900,18,2,0,2,66550.0,6050,12100,48400,5,2008,0,True,False,False,False,False,False,False,True,False,False,False,False,False,True,False,False,False,False,False,False,True,False,False,True,False,True,False,False,False,False,False,False,True,False,False,False,True,False,False,False,False,True,False,False
143,33,1000,1200.09,0,454191,2,2,38400,-5700,17,3,2,2,70400.0,14080,7040,49280,0,2002,0,False,True,False,True,False,False,False,False,False,False,False,False,False,False,True,False,False,False,False,False,False,True,False,False,False,True,False,False,False,False,False,False,False,True,False,False,False,False,False,False,False,False,False,False
266,42,500,1093.83,0,468454,0,2,0,-49600,18,3,1,1,53280.0,4440,8880,39960,11,2015,1,True,False,False,False,True,False,False,False,False,False,False,False,True,False,False,False,False,False,False,False,False,True,False,False,False,False,False,False,False,False,False,False,False,True,False,False,False,False,False,True,False,False,True,False
89,32,1000,988.93,0,614187,2,9,27600,0,11,1,2,3,84590.0,15380,15380,53830,4,1999,0,True,False,True,False,False,False,True,False,False,False,False,False,False,False,True,False,False,True,False,True,False,False,False,True,False,False,True,False,True,False,False,False,False,False,True,False,False,False,False,False,False,False,False,True
229,37,1000,1331.94,0,433974,4,0,0,-55400,17,1,0,2,54560.0,9920,9920,34720,10,2004,0,True,False,False,True,False,False,False,False,False,True,False,True,False,False,False,False,False,True,False,False,True,False,False,True,False,False,True,False,True,False,False,False,False,False,True,False,False,False,False,False,True,False,False,True
245,40,1000,1361.45,0,604833,5,4,39300,0,12,1,0,2,82170.0,7470,7470,67230,11,1999,0,False,False,False,True,True,False,False,False,False,False,True,False,False,False,True,False,False,True,False,False,True,False,True,False,False,False,False,False,False,True,False,False,False,False,False,False,True,False,False,False,False,True,False,True
50,44,2000,1188.51,0,447469,5,3,0,-65800,15,3,1,2,61100.0,6110,12220,42770,4,2008,0,False,True,True,False,True,True,False,False,False,False,False,False,False,False,True,False,False,False,False,True,False,False,False,True,False,False,False,True,True,False,False,False,False,False,False,False,True,False,False,False,False,False,True,False
230,43,2000,1101.83,0,451529,3,6,28900,0,0,3,0,3,51900.0,5190,10380,36330,2,2011,1,True,False,False,True,True,False,True,False,False,False,False,False,True,False,False,False,False,False,False,True,False,False,True,False,False,False,False,True,True,False,False,False,False,False,False,False,False,False,False,False,False,False,False,True
17,39,1000,840.95,0,431202,0,10,32500,-80800,9,1,2,1,3440.0,430,430,2580,11,2002,0,False,False,True,False,False,False,False,True,False,False,False,False,False,False,True,False,True,False,False,False,False,False,False,False,True,False,False,True,False,False,False,True,False,False,False,False,False,False,False,False,False,False,False,False
163,36,1000,1503.21,0,448190,7,6,55700,-49900,1,1,2,1,51390.0,5710,11420,34260,12,2013,0,True,False,True,False,True,False,False,False,True,False,False,False,False,False,False,False,False,True,False,False,False,True,False,True,False,False,False,False,False,False,False,False,False,True,False,False,False,False,False,True,False,True,True,False
29,32,1000,1722.5,0,453713,7,0,0,-21500,22,1,0,2,76900.0,7690,7690,61520,7,1995,0,False,True,False,False,True,False,True,False,False,False,False,False,False,False,False,True,False,True,False,False,False,True,False,False,False,False,True,False,False,False,False,False,False,True,True,False,False,False,False,False,False,False,False,False
232,42,500,944.03,0,440153,5,11,0,-58400,11,1,2,3,77000.0,15400,7700,53900,12,2015,1,True,False,False,False,True,True,False,False,False,False,False,True,False,False,False,False,False,True,False,False,True,False,True,False,False,False,True,False,False,False,False,False,False,True,False,False,False,False,True,False,False,True,False,False
235,39,2000,1453.61,0,619570,2,19,0,0,10,1,0,3,60320.0,9280,9280,41760,3,2012,1,False,False,False,True,True,False,False,True,False,False,False,False,True,False,False,False,False,True,False,False,False,True,False,False,False,False,True,False,False,False,False,False,False,False,False,True,False,False,False,False,False,False,False,False
295,46,500,1672.88,0,478947,1,7,0,0,5,1,1,1,60700.0,12140,6070,42490,6,1997,0,True,False,False,False,False,False,True,False,False,False,False,False,False,False,False,True,False,True,False,False,True,False,True,False,False,True,False,False,True,False,False,False,False,False,True,False,False,False,False,False,False,True,True,False
22,21,1000,1248.05,0,443550,3,12,37500,-54000,3,3,1,2,53280.0,5920,0,47360,3,2015,0,True,False,True,False,False,False,True,False,False,False,False,False,False,False,False,False,False,False,False,False,True,False,False,True,False,False,False,True,False,False,False,True,False,False,False,False,False,False,False,False,False,True,False,False
286,43,500,1564.43,0,477644,9,12,77500,-32800,18,1,2,2,34290.0,3810,3810,26670,7,2013,0,False,False,False,False,False,False,False,False,True,False,False,False,False,False,True,False,False,True,False,False,True,False,True,False,False,True,False,False,True,False,False,False,False,False,False,False,False,True,False,False,False,False,False,True
257,44,1000,1280.88,0,433981,7,1,59400,-32200,21,1,0,1,46980.0,0,5220,41760,0,2002,0,False,True,False,False,True,False,False,False,True,False,False,False,True,False,False,False,False,True,False,False,True,False,False,True,False,False,True,False,False,False,False,False,False,True,False,False,False,False,True,False,True,False,True,False
94,26,500,722.66,0,433696,3,4,50300,0,6,3,1,2,36700.0,3670,7340,25690,9,2010,0,True,False,False,False,True,False,False,False,True,False,False,False,False,False,False,False,False,False,False,True,False,False,False,False,False,True,False,False,False,True,False,False,False,False,False,False,False,False,False,True,False,True,False,True
124,28,1000,1235.14,0,443567,3,4,0,-32100,20,3,0,1,60200.0,6020,6020,48160,13,2012,0,False,True,True,False,True,False,False,False,True,False,False,False,False,False,False,False,False,False,False,False,False,True,False,True,False,False,True,False,False,True,False,False,False,False,False,True,False,False,False,False,False,False,False,False
141,30,1000,1347.04,0,430665,11,3,0,-82100,6,1,1,2,6480.0,540,1080,4860,6,1996,0,True,False,False,True,True,False,True,False,False,False,False,False,False,True,False,False,True,False,False,False,False,False,True,False,False,False,True,False,False,False,False,True,False,False,False,False,True,False,False,False,False,False,False,True
3,38,1000,1310.8,0,431289,2,13,0,0,20,1,0,1,87200.0,17440,8720,61040,6,2006,0,False,True,False,True,False,False,False,False,False,True,False,False,False,False,True,False,False,True,False,True,False,False,True,False,False,True,False,False,False,False,False,False,False,False,False,False,False,True,False,False,False,True,False,False
285,41,1000,1436.79,0,608177,9,17,70900,0,23,1,2,3,108480.0,18080,18080,72320,13,2015,0,False,False,False,False,False,False,False,False,False,False,True,False,False,False,False,True,False,True,False,False,True,False,False,False,False,True,False,False,False,False,False,True,False,False,False,False,True,False,False,False,False,True,False,False
130,34,500,1383.49,0,442797,1,3,35100,0,4,3,2,3,67500.0,7500,7500,52500,11,1996,0,False,True,True,False,False,False,False,False,False,True,False,False,True,False,False,False,False,False,False,False,False,True,True,False,False,False,False,True,False,False,False,False,False,False,False,False,False,False,False,False,False,False,False,True
458,62,2000,1356.92,0,441714,5,0,0,0,2,1,0,1,46980.0,5220,5220,36540,1,1998,0,False,False,False,True,True,False,False,False,False,False,False,False,False,False,False,True,False,True,False,False,True,False,False,False,False,False,True,False,True,False,False,False,False,False,False,False,False,False,False,False,False,False,False,True
456,60,1000,766.19,0,612260,11,11,0,0,6,1,0,3,5060.0,460,920,3680,8,2007,0,False,True,True,False,False,False,False,False,False,False,False,False,False,False,False,False,True,False,False,False,False,False,True,False,False,False,False,True,False,False,False,False,False,True,True,False,False,False,False,False,False,False,False,False
